Bunny ID,GRID,GPS ,Date GPS On,Time GPS On,GPS Schedule,GPS Delay,Date on Bunny,Time on Bunny,Date Off Bunny,Time off Bunny,Date GPS OFF,Time GPS Off
23622,Jo,MI,26-Sep-15,18:57:06,30,12 HRS,28-Sep-15,1:24,30-Dec-15,20:42,05-Jan-16,already turned off
23620,Jo,MB,26-Sep-15,18:42:57,30,12 HRS,28-Sep-15,0:00,01-Jan-15,~14:00,05-Jan-16,already off
23617,Jo,MA,26-Sep-15,18:46:16,30,12 HRS,28-Sep-15,0:10,08-Oct-15,0:38,21-Oct-15,14:51:03
23307,Jo,MF,26-Sep-15,20:54:34,30,12 HRS,28-Sep-15,23:32,08-Oct-15,0:02,19-Oct-15,11:31:25
23694,Jo,MC,26-Sep-15,18:44:18,30,12 HRS,01-Oct-15,1:24,08-Oct-15,0:20,21-Oct-15,14:13:12
23691,Jo,MD,27-Sep-15,15:08:49,30,12 HRS,01-Oct-15,1:25,08-Oct-15,0:15,21-Oct-15,13:10:07
23683,Jo,MJ,26-Sep-15,18:59:08,30,12 HRS,01-Oct-15,1:02,08-Dec-15,~13:00,30-Dec-15,battery dead
23682,Jo,MH,30-Sep-15,16:48:33,30,12 HRS,01-Oct-15,0:23,29-Jan-16,21:07,01-Feb-16,Already turned off
23668,Jo,ME,26-Sep-15,18:48:27,30,12 HRS,01-Oct-15,0:15,09-Nov-15,22:09,26-Nov-15,Already turned off
23621,Jo,MG,26-Sep-15,18:52:22,30,12 HRS,01-Oct-15,0:08,08-Oct-15,1:49,21-Oct-15,11:10:40
23625,Jo,MK,30-Sep-15,14:06:07,30,12 HRS,02-Oct-15,0:32,08-Jan-16,~14:00,01-Feb-16,battery dead
23694,Jo,MQ,06-Oct-15,17:36:30,30,12 HRS,08-Oct-15,0:20,30-Dec-15,20:51,05-Jan-16,Already turned off
23691,Jo,MM,07-Oct-15,12:54:49,30,12 HRS,08-Oct-15,0:15,13-Oct-15,~19:00,19-Oct-15,GPS not working
23689,Jo,MS,07-Oct-15,16:40:12,30,12 HRS,08-Oct-15,0:04,12-Feb-16,~14:00,16-Feb-16,Already turned off
23637,Jo,MT,07-Oct-15,16:43:07,30,12 HRS,08-Oct-15,0:13,17-Nov-15,~14:00,26-Nov-15,Already turned off
23621,Jo,MU,07-Oct-15,16:46:38,30,12 HRS,08-Oct-15,1:49,,,,
23617,Jo,MO,06-Oct-15,17:04:35,30,12 HRS,08-Oct-15,0:38,30-Dec-15,22:37,01-Feb-16,Already off
23616,Jo,MV,07-Oct-15,16:49:06,30,12 HRS,08-Oct-15,1:28,08-Feb-16,~14:00,16-Feb-16,Already turned off
23612,Jo,MN,07-Oct-15,15:28:22,30,12 HRS,08-Oct-15,0:30,,,,
23602,Jo,MR,06-Oct-15,17:57:22,30,12 HRS,08-Oct-15,1:16,19-Dec-15,~14:00,30-Dec-15,Already turned off
23307,Jo,MP,06-Oct-15,17:18:49,30,12 HRS,08-Oct-15,0:02,21-Oct-15,22:39,25-Nov-15,Already turned off
22869,Jo,ML,07-Oct-15,15:42:57,30,12 HRS,08-Oct-15,1:20,,,28-Nov-15,wires were cut
23687,Jo,MY,13-Oct-15,17:49:21,30,12 HRS,14-Oct-15,0:50,,,28-Nov-15,broken device
23684,Jo,MW,13-Oct-15,17:44:23,30,12 HRS,14-Oct-15,1:41,30-Dec-15,21:10,05-Jan-16,Already turned off
23677,Jo,MX,13-Oct-15,17:46:14,30,12 HRS,14-Oct-15,2:22,07-Jan-16,~14:00,01-Feb-16,already off
23641,Jo,NA,13-Oct-15,17:54:35,30,12 HRS,14-Oct-15,2:45,30-Dec-15,22:10,05-Jan-16,already turned off
23638,Jo,NB,13-Oct-15,17:57:28,30,12 HRS,14-Oct-15,2:20,30-Dec-15,22:14,05-Jan-16,Already turned off
23608,Jo,MZ,13-Oct-15,17:52:19,30,12 HRS,14-Oct-15,2:00,02-Jan-16,~14:00,01-Feb-16,Already turned off
B2791,KLOO,AY,18-Oct-15,16:09:08,30,12 HRS,19-Oct-15,22:48,13-Nov-15,12:00,25-Nov-15,14:39:47
B2742,KLOO,BC,18-Oct-15,16:17:21,30,12 HRS,19-Oct-15,22:49,22-Feb-16,~09:00,24-Nov-15,already off
B2724,KLOO,AX,18-Oct-15,16:06:38,30,12 HRS,19-Oct-15,22:35,22-Feb-16,~09:00,22-Nov-15,already off
B2707,KLOO,AZ,18-Oct-15,16:14:08,30,12 HRS,19-Oct-15,22:35,24-Jan-16,21:47,02-Feb-16,already off
B2705,KLOO,BE,18-Oct-15,16:20:09,30,12 HRS,19-Oct-15,23:04,19-Feb-16,~09:00,02-Dec-15,already off
23700,Jo,MA,21-Oct-15,17:31:27,30,12 HRS,21-Oct-15,22:22,31-Dec-15,~14:00,05-Jan-16,Already turned off
23698,Jo,MG,21-Oct-15,16:31:47,30,12 HRS,21-Oct-15,22:19,30-Nov-15,11:55,03-Dec-15,Already turned off
23670,Jo,MD,21-Oct-15,16:52:54,30,12 HRS,21-Oct-15,23:30,30-Dec-15,21:40,05-Jan-16,Already turned off
23307,Jo,MC,21-Oct-15,17:07:23,30,12 HRS,21-Oct-15,22:39,27-Dec-15,20:14,30-Dec-15,Already turned off
22813,Jo,MF,21-Oct-15,16:22:10,30,12 HRS,21-Oct-15,22:36,29-Jan-16,21:09,01-Feb-16,Already turned off
B2799,KLOO,AW,27-Oct-15,16:29:13,30,12 HRS,27-Oct-15,23:56,29-Nov-15,~14:00,22-Jan-16,already off
B2780,KLOO,AN,27-Oct-15,16:22:58,30,12 HRS,27-Oct-15,23:43,12-Jan-16,~14:00,22-Jan-16,already off
B2719,KLOO,AV,27-Oct-15,16:32:19,30,12 HRS,27-Oct-15,23:51,-,-,-,-
B2745,KLOO,BF,27-Oct-15,16:05:44,30,12 HRS,28-Oct-15,0:14,16-Jan-16,~14:00,22-Jan-16,already off
B2141,KLOO,AP,27-Oct-15,16:54:23,30,12 HRS,28-Oct-15,0:19,19-Feb-16,~09:00,NA,already off
B2717,KLOO,AT,30-Oct-15,14:33:47,30,12 HRS,30-Oct-15,23:30,01-Nov-15,21:30,25-Nov-15,13:31:03
B2169,KLOO,AL,30-Oct-15,14:31:44,30,12 HRS,30-Oct-15,23:10,02-Dec-15,~10:30,03-Dec-15,already off
B2822,KLOO,BH,30-Oct-15,15:46:40,30,12 HRS,01-Nov-15,21:30,18-Feb-16,~09:00,NA,already off
B2741,KLOO,AA,30-Oct-15,14:23:18,30,12 HRS,01-Nov-15,~21:00,14-Dec-15,~14:00,22-Jan-16,already off
B2717,KLOO,AU,30-Oct-15,14:26:20,30,12 HRS,01-Nov-15,21:30,18-Feb-16,~09:00,NA,already off
B2824,KLOO,BA,11-Nov-15,13:50:38,30,12 HRS,11-Nov-15,22:00,25-Jan-16,~14:00,03-Feb-16,Already off
B2821,KLOO,AS,30-Oct-15,14:20:07,30,12 HRS,11-Nov-15,22:22,23-Feb-16,~09:00,06-Dec-15,already off
B2712,KLOO,AQ,11-Nov-15,13:52:11,30,12 HRS,11-Nov-15,23:06,22-Feb-16,~09:00,24-Dec-15,already off
B2130,KLOO,BD,11-Nov-15,13:47:53,30,12 HRS,11-Nov-15,22:05,18-Feb-16,~09:00,NA,already off
B3657,KLOO,AG,25-Nov-15,18:30:34,30,12 HRS,27-Nov-15,22:34,27-Dec-15,~14:00,22-Jan-16,already off
B2847,KLOO,AY,25-Nov-15,18:13:23,30,12 HRS,27-Nov-15,20:56,18-Feb-16,~09:00,10-Apr-16,already off
B2837,KLOO,BB,11-Nov-15,13:43:35,30,12 HRS,29-Nov-15,19:15,22-Feb-16,~09:00,NA,already off
B2137,KLOO,AT,25-Nov-15,18:08:07,30,12 HRS,29-Nov-15,19:26,27-Feb-16,~09:00,07-Dec-15,already off
23686,Jo,NG,27-Dec-15,14:40:26,30,12 HRS,27-Dec-15,20:37,29-Jan-16,22:24,01-Feb-16,Already off
23307,Jo,NI,27-Dec-15,14:38:45,30,12 HRS,27-Dec-15,20:14,26-Feb-16,22:12,27-Feb-16,Already turned off
22873,Jo,MT,27-Dec-15,14:32:33,30,12 HRS,27-Dec-15,20:41,26-Feb-16,22:58,27-Feb-16,Already turned off
23694,Jo,ND,30-Dec-15,14:29:05,30,12 HRS,30-Dec-15,20:51,11-Mar-16,~15:00,11-Mar-16,Already off
23684,Jo,NE,30-Dec-15,14:31:54,30,12 HRS,30-Dec-15,21:10,01-Feb-16,~17:00,02-Feb-16,Already off
23670,Jo,NH,30-Dec-15,14:38:15,30,12 HRS,30-Dec-15,21:40,13-Feb-16,~17:00,16-Feb-16,Already off
23638,Jo,NC,27-Dec-15,14:36:06,30,12 HRS,30-Dec-15,22:14,26-Feb-16,22:37,27-Feb-16,Already turned off
23622,Jo,NF,30-Dec-15,14:26:40,30,12 HRS,30-Dec-15,20:42,07-Jan-16,~14:00,23-Jan-16,Already turned off
23617,Jo,MP,27-Dec-15,14:30:26,30,12 HRS,30-Dec-15,22:37,26-Feb-16,22:19,27-Feb-16,Already turned off
B3652,KLOO,AF,23-Jan-16,14:35:44,30,12 HRS,23-Jan-16,21:33,12-Mar-16,~09:00,26-Feb-16,already off
B3255,KLOO,AA,23-Jan-16,14:29:09,30,12 HRS,23-Jan-16,22:17,25-Jan-16,~14:00,05-Feb-16,already off
B3290,KLOO,AC,23-Jan-16,14:31:46,30,12 HRS,24-Jan-16,22:29,18-Apr-16,12:20,02-Mar-16,already off
B2707,KLOO,BG,24-Jan-16,12:43:33,30,12 HRS,24-Jan-16,21:47,03-Feb-16,~14:00,06-Feb-16,already off
23682,Jo,MJ,29-Jan-16,11:56:03,30,12 HRS,29-Jan-16,21:07,26-Feb-16,22:02,02-Mar-16,Already off
23641,Jo,MC,29-Jan-16,11:53:09,30,12 HRS,29-Jan-16,22:06,08-Mar-16,22:57,11-Mar-16,Already off
23623,Jo,MG,29-Jan-16,11:50:11,30,12 HRS,29-Jan-16,20:48,21-Feb-16,~17:00,24-Feb-16,Already off
22813,Jo,MW,29-Jan-16,12:12:05,30,12 HRS,29-Jan-16,21:09,26-Feb-16,21:52,02-Mar-16,Already off
22176,Jo,MR,29-Jan-16,11:58:39,30,12 HRS,29-Jan-16,21:41,01-Feb-16,~16:00,02-Feb-16,Already off
B2847,KLOO,AW,17-Feb-16,20:44:42,30,12 HRS,18-Feb-16,~19:00,18-Apr-16,~12:00,24-Apr-16,already off
B2717,KLOO,AL,17-Feb-16,20:55:39,30,12 HRS,18-Feb-16,~19:00,25-Apr-16,~11:00,30-Apr-16,already off
B2130,KLOO,AA,17-Feb-16,20:57:27,30,12 HRS,18-Feb-16,~19:00,25-Apr-16,~11:00,03-May-16,already off
B2705,KLOO,AE,18-Feb-16,21:39:04,30,12 HRS,19-Feb-16,~19:00,18-Apr-16,~12:00,NA,already off
B2141,KLOO,AK,18-Feb-16,23:41:18,30,12 HRS,19-Feb-16,~19:00,25-Apr-16,~11:00,30-Apr-16,already off
B2837,KLOO,AH,21-Feb-16,13:36:34,30,12 HRS,22-Feb-16,~19:00,07-May-16,~11:00,15-May-16,already off
B2742,KLOO,AO,18-Feb-16,21:23:28,30,12 HRS,22-Feb-16,~19:00,25-Apr-16,~11:00,03-May-16,already off
B2724,KLOO,AJ,18-Feb-16,21:26:17,30,12 HRS,22-Feb-16,~19:00,18-Apr-16,~11:30,24-Apr-16,already off
B2712,KLOO,BD,21-Feb-16,14:35:10,30,12 HRS,22-Feb-16,~19:00,25-Apr-16,~11:00,03-May-16,already off
B2821,KLOO,AM,21-Feb-16,13:34:29,30,12 HRS,23-Feb-16,~19:00,25-Apr-16,~11:00,03-May-16,already off
23686,Jo,MZ,25-Feb-16,16:33:54,30,12 HRS,26-Feb-16,22:39,15-Apr-16,3:32,19-Apr-16,Already off
23682,Jo,MX,25-Feb-16,16:48:16,30,12 HRS,26-Feb-16,22:02,05-Apr-16,0:38,10-Apr-16,Already off
23679,Jo,MR,25-Feb-16,16:42:58,30,12 HRS,26-Feb-16,23:33,27-Apr-16,2:00,28-Apr-16,already off
23638,Jo,NE,25-Feb-16,16:40:12,30,12 HRS,26-Feb-16,22:37,28-Feb-16,~15:00,29-Feb-16,9:46:33
23624,Jo,MH,25-Feb-16,16:29:33,30,12 HRS,26-Feb-16,23:23,03-Mar-16,not actually picked up until March 06,06-Mar-16,16:11:37
23617,Jo,MO,25-Feb-16,16:47:19,30,12 HRS,26-Feb-16,22:19,08-Mar-16,23:23,11-Mar-16,12:15:15
23307,Jo,MF,25-Feb-16,16:46:16,30,12 HRS,26-Feb-16,22:12,27-Apr-16,1:35,29-Apr-16,Already off
22975,Jo,NF,25-Feb-16,16:35:44,30,12 HRS,26-Feb-16,23:34,05-Apr-16,1:03,05-Apr-16,16:36:13
22873,Jo,MI,25-Feb-16,16:44:17,30,12 HRS,26-Feb-16,22:58,05-Apr-16,1:31,13-Apr-16,already off
22813,Jo,MS,25-Feb-16,16:41:40,30,12 HRS,26-Feb-16,21:52,08-Mar-16,23:29,11-Mar-16,17:49:29
B2137,KLOO,AI,21-Feb-16,13:35:31,30,12 HRS,27-Feb-16,~10:00,18-Apr-16,~11:30,NA,already off
23697,Jo,NE,08-Mar-16,10:09:56,30,12 HRS,08-Mar-16,23:19,16-Apr-16,1:27,21-Apr-16,Already off
23641,Jo,MJ,08-Mar-16,10:14:02,30,12 HRS,08-Mar-16,22:57,16-Apr-16,2:40,24-Apr-16,Already off
23617,Jo,NI,08-Mar-16,10:16:22,30,12 HRS,08-Mar-16,23:23,16-Apr-16,2:30,24-Apr-16,10:28:35
23182,Jo,MW,08-Mar-16,10:07:42,30,12 HRS,08-Mar-16,22:35,20-Mar-16,~16:00,03-Apr-16,Already off
22813,Jo,NC,08-Mar-16,10:04:24,30,12 HRS,08-Mar-16,23:29,16-Apr-16,2:38,17-Apr-16,Already off
B3652,KLOO,AU,21-Feb-16,14:27:10,30,12 HRS,12-Mar-16,~19:00,25-Apr-16,~11:00,03-May-16,already off
23734,Jo,NH,04-Apr-16,17:02:16,30,12 HRS,05-Apr-16,1:30,16-Apr-16,1:41,24-Apr-16,Already off
23682,Jo,MP,04-Apr-16,16:15:53,30,12 HRS,05-Apr-16,0:38,27-Apr-16,3:29,28-Apr-16,13:57:20
23615,Jo,MT,04-Apr-16,16:08:11,30,12 HRS,05-Apr-16,1:41,16-Apr-16,1:55,24-Apr-16,10:59:04
23235,Jo,MH,04-Apr-16,16:19:49,30,12 HRS,05-Apr-16,2:12,14-Apr-16,~16:00,15-Apr-16,12:02:01
23183,Jo,MO,04-Apr-16,16:24:48,30,12 HRS,05-Apr-16,2:01,16-Apr-16,2:14,21-Apr-16,12:44:16
22975,Jo,NB,04-Apr-16,16:12:35,30,12 HRS,05-Apr-16,1:03,27-Apr-16,1:15,28-Apr-16,15:39:04
22890,Jo,MG,04-Apr-16,16:28:04,30,12 HRS,05-Apr-16,0:42,26-Jun-16,12:00,26-Jun-16,Already off
22873,Jo,MS,04-Apr-16,16:22:35,30,12 HRS,05-Apr-16,1:31,16-Apr-16,3:20,24-Apr-16,10:01:36
23863,Jo,MX,15-Apr-16,13:50:33,30,12 HRS,16-Apr-16,3:15,05-May-16,2:55,06-May-16,15:42:13
23734,Jo,MI,15-Apr-16,13:33:48,30,12 HRS,16-Apr-16,1:41,27-May-16,11:05,27-May-16,already off
23715,Jo,NG,15-Apr-16,14:04:34,30,12 HRS,16-Apr-16,3:06,17-Dec-16,21:36,18-Dec-16,already off
23697,Jo,MA,15-Apr-16,14:15:40,30,12 HRS,16-Apr-16,1:27,27-Apr-16,3:34,27-Apr-16,14:36:04
23686,Jo,MH,15-Apr-16,13:47:20,30,12 HRS,16-Apr-16,3:32,27-May-16,11:07,27-May-16,already off
23641,Jo,NF,15-Apr-16,13:52:28,30,12 HRS,16-Apr-16,2:40,27-May-16,11:42,27-May-16,20:23:25
23617,Jo,ND,15-Apr-16,13:44:33,30,12 HRS,16-Apr-16,2:30,27-May-16,11:34,27-May-16,already off
23615,Jo,MM,15-Apr-16,13:42:20,30,12 HRS,16-Apr-16,1:55,27-Apr-16,2:59,28-Apr-16,15:01:18
23183,Jo,MB,15-Apr-16,14:12:49,30,12 HRS,16-Apr-16,2:14,05-May-16,2:48,06-May-16,15:09:24
22873,Jo,MQ,15-Apr-16,14:07:36,30,12 HRS,16-Apr-16,3:20,27-May-16,11:00,27-May-16,already off
22813,Jo,MC,15-Apr-16,14:10:05,30,12 HRS,16-Apr-16,2:38,05-May-16,3:03,06-May-16,16:26:56
23865,Jo,MO,25-Apr-16,19:40:58,30,12 HRS,27-Apr-16,1:23,27-May-16,11:50,28-May-16,already off
23697,Jo,MS,25-Apr-16,19:31:53,30,12 HRS,27-Apr-16,3:34,27-May-16,10:40,27-May-16,21:45:56
23682,Jo,MJ,25-Apr-16,19:36:51,30,12 HRS,27-Apr-16,3:29,27-May-16,10:59,27-May-16,15:42:10
23679,Jo,NH,26-Apr-16,11:33:57,30,12 HRS,27-Apr-16,2:00,27-May-16,10:21,27-May-16,15:14:55
23615,Jo,MZ,25-Apr-16,19:29:59,30,12 HRS,27-Apr-16,2:59,27-May-16,11:12,27-May-16,20:53:24
23307,Jo,ML,25-Apr-16,19:35:04,30,12 HRS,27-Apr-16,1:35,27-May-16,10:41,27-May-16,14:34:34
22975,Jo,NE,25-Apr-16,19:43:30,30,12 HRS,27-Apr-16,1:15,04-Sep-16,9:24,07-Sep-16,Already off
23863,Jo,MV,04-May-16,12:45:54,30,12 HRS,05-May-16,2:55,31-Oct-16,22:02,01-Nov-16,Already off
23183,Jo,MT,04-May-16,12:48:30,30,12 HRS,05-May-16,2:48,27-May-16,11:28,27-May-16,19:25:57
22813,Jo,NB,04-May-16,12:47:11,30,12 HRS,05-May-16,3:03,27-May-16,11:34,28-May-16,17:05:23
23697,Jo,MR,26-May-16,15:15:17,30,12 HRS,27-May-16,10:40,04-Sep-16,~11:00,07-Sep-16,already off
23682,Jo,MB,26-May-16,15:28:26,30,12 HRS,27-May-16,10:59,29-Jun-16,9:40,29-Jun-16,12:44:45
23679,Jo,NC,26-May-16,15:19:12,30,12 HRS,27-May-16,10:21,,,,
23307,Jo,MK,26-May-16,15:37:04,30,12 HRS,27-May-16,10:41,26-Jun-16,~10:00,26-Jun-16,21:53:00
23788,Jo,MF,26-May-16,15:26:15,30,12 HRS,30-May-16,7:30,26-Jun-16,~11:45,26-Jun-16,already off
23787,Jo,MD,26-May-16,15:23:01,30,12 HRS,30-May-16,7:00,04-Jun-16,~ 16:00,13-Jun-16,19:58:31
23686,Jo,MC,26-May-16,15:12:28,30,12 HRS,30-May-16,7:49,26-Jun-16,~10:15,26-Jun-16,already off
23679,Jo,MA,26-May-16,15:30:21,30,12 HRS,30-May-16,7:21,26-Jun-16,~11:00,26-Jun-16,21:42:43
23984,Jo,ME,03-Sep-16,19:28:12,30,12 HRS,04-Sep-16,~10:00,08-Oct-16,23:53,09-Oct-16,10:20:03
23865,Jo,MW,03-Sep-16,19:29:41,30,12 HRS,04-Sep-16,9:40,01-Oct-16,23:35,02-Oct-16,already off
23734,Jo,MD,03-Sep-16,19:31:38,30,12 HRS,04-Sep-16,~10:00,02-Oct-16,1:10,02-Oct-16,16:51:08
23713,Jo,MK,03-Sep-16,16:28:45,30,12 HRS,04-Sep-16,10:24,02-Oct-16,0:17,02-Oct-16,17:21:38
23697,Jo,MC,03-Sep-16,16:30:38,30,12 HRS,04-Sep-16,~11:00,09-Oct-16,0:10,09-Oct-16,already off
23686,Jo,NC,03-Sep-16,16:24:49,30,12 HRS,04-Sep-16,10:35,08-Oct-16,23:30,09-Oct-16,11:57:17
23682,Jo,AR,03-Sep-16,19:33:47,30,12 HRS,04-Sep-16,9:29,01-Oct-16,23:39,02-Oct-16,17:52:31
23641,Jo,AA,03-Sep-16,16:21:10,30,12 HRS,04-Sep-16,10:30,02-Oct-16,0:05,02-Oct-16,already off
23307,Jo,NI,03-Sep-16,16:27:24,30,12 HRS,04-Sep-16,10:06,01-Oct-16,23:55,02-Oct-16,18:03:08
22975,Jo,NA,03-Sep-16,16:19:40,30,12 HRS,04-Sep-16,9:24,05-Nov-16,21:50,09-Nov-16,already off
23994,Jo,AH,10-Sep-16,16:28:41,30,12 HRS,11-Sep-16,0:26,09-Oct-16,0:04,09-Oct-16,10:26:29
23974,Jo,MZ,09-Sep-16,11:12:14,30,12 HRS,11-Sep-16,1:06,06-Nov-16,~16:00,09-Nov-16,already off
23967,Jo,MG,09-Sep-16,11:18:42,30,12 HRS,11-Sep-16,2:17,09-Oct-16,0:29,09-Oct-16,9:47:56
23879,Jo,MM,09-Sep-16,11:09:22,30,12 HRS,11-Sep-16,0:35,16-Oct-16,23:35,19-Oct-16,18:05:35
23812,Jo,AG,10-Sep-16,16:30:28,30,12 HRS,11-Sep-16,0:25,16-Oct-16,22:22,19-Oct-16,16:49:24
23788,Jo,MR,09-Sep-16,11:15:45,30,12 HRS,11-Sep-16,1:22,24-Oct-16,23:37,25-Oct-16,~11:45:00
23731,Jo,MA,09-Sep-16,11:25:54,30,12 HRS,11-Sep-16,0:54,01-Oct-16,23:46,02-Oct-16,17:58:26
23679,Jo,AX,10-Sep-16,16:26:28,30,12 HRS,11-Sep-16,1:50,08-Oct-16,23:50,09-Oct-16,12:03:29
23617,Jo,AF,09-Sep-16,11:21:31,30,12 HRS,11-Sep-16,2:24,09-Oct-16,0:39,09-Oct-16,already off
22890,Jo,NE,09-Sep-16,11:36:06,30,12 HRS,11-Sep-16,0:48,24-Oct-16,22:42,25-Oct-16,already off
22873,Jo,MQ,10-Sep-16,19:18:07,30,12 HRS,11-Sep-16,1:12,16-Oct-16,23:15,19-Oct-16,16:53:03
22813,Jo,??/Mike,09-Sep-16,11:23:49,30,12 HRS,11-Sep-16,0:58,08-Oct-16,23:19,09-Oct-16,already off
23818,Jo,MH,21-Sep-16,12:14:07,30,12 HRS,22-Sep-16,0:57,24-Oct-16,22:24,25-Oct-16,13:09:03
23815,Jo,AI,21-Sep-16,12:17:23,30,12 HRS,22-Sep-16,0:10,16-Oct-16,23:32,19-Oct-16,17:54:28
23615,Jo,AZ,21-Sep-16,18:47:51,30,12 HRS,22-Sep-16,0:41,16-Oct-16,23:09,19-Oct-16,17:25:55
23865,Jo,NH,01-Oct-16,15:37:10,30,12 HRS,01-Oct-16,23:35,31-Oct-16,21:50,01-Nov-16,already off
23802,Jo,AC,01-Oct-16,15:20:49,30,12 HRS,01-Oct-16,23:52,14-Oct-16,~12:00,15-Oct-16,15:51:44
23731,Jo,AQ,01-Oct-16,15:40:20,30,12 HRS,01-Oct-16,23:46,05-Nov-16,22:06,09-Nov-16,already off
23682,Jo,BC,01-Oct-16,15:38:54,30,12 HRS,01-Oct-16,23:39,31-Oct-16,21:38,01-Nov-16,15:25:30
23307,Jo,MS,01-Oct-16,15:17:12,30,12 HRS,01-Oct-16,23:55,25-Nov-16,20:22,26-Nov-16,already off
23903,Jo,AO,01-Oct-16,15:35:14,30,12 HRS,02-Oct-16,0:30,24-Oct-16,23:42,25-Oct-16,12:58:21
23896,Jo,MF,01-Oct-16,15:18:30,30,12 HRS,02-Oct-16,1:10,31-Oct-16,21:56,01-Nov-16,15:17:47
23713,Jo,NF,01-Oct-16,15:22:03,30,12 HRS,02-Oct-16,0:17,31-Oct-16,22:24,01-Nov-16,14:59:16
23641,Jo,BD,01-Oct-16,15:15:31,30,12 HRS,02-Oct-16,0:05,31-Oct-16,23:05,01-Nov-16,12:53:01
22717,Kloo,BG,03-Oct-16,15:32:35,30,12 HRS,03-Oct-16,23:20,14-Nov-16,20:38,,Already off
22705,Kloo,MK,03-Oct-16,15:23:19,30,12 HRS,03-Oct-16,23:34,30-Oct-16,22:07,31-Oct-16,12:35:18
22130,Kloo,AA,03-Oct-16,15:19:22,30,12 HRS,03-Oct-16,23:48,30-Oct-16,22:10,31-Oct-16,already off
23717,Kloo,AP,03-Oct-16,15:25:04,30,12 HRS,04-Oct-16,0:31,30-Oct-16,23:07,31-Oct-16,12:49:42
23652,Kloo,BF,03-Oct-16,15:34:35,30,12 HRS,04-Oct-16,0:44,14-Nov-16,21:25,,Already off
23222,Kloo,AY,03-Oct-16,15:13:56,30,12 HRS,04-Oct-16,1:29,04-Feb-17,??,09-Feb-17,already off
22837,Kloo,MD,03-Oct-16,15:16:37,30,12 HRS,04-Oct-16,1:20,18-Feb-17,21:17,23-Feb-17,already off
22821,Kloo,BH,03-Oct-16,15:10:57,30,12 HRS,04-Oct-16,0:09,03-Dec-16,20:12,04-Dec-16,already off
22724,Kloo,MA,03-Oct-16,15:28:40,30,12 HRS,04-Oct-16,0:42,04-Nov-16,21:10,05-Nov-16,11:20:46
23984,Jo,AR,08-Oct-16,14:10:25,30,12 HRS,08-Oct-16,23:53,18-Jan-17,~14:00,24-Jan-17,already off
23686,Jo,AB,08-Oct-16,13:57:34,30,12 HRS,08-Oct-16,23:30,09-Apr-17,1:08,17-Apr-17,already off
23679,Jo,AM,08-Oct-16,14:04:14,30,12 HRS,08-Oct-16,23:50,25-Nov-16,19:52,26-Nov-16,already off
22813,Jo,MT,08-Oct-16,13:53:54,30,12 HRS,08-Oct-16,23:19,05-Nov-16,22:21,09-Nov-16,15:18:42
23994,Jo,AS,08-Oct-16,14:17:43,30,12 HRS,09-Oct-16,0:04,05-Nov-16,21:32,09-Nov-16,15:32:29
23967,Jo,AD,08-Oct-16,13:43:32,30,12 HRS,09-Oct-16,0:29,31-Oct-16,22:55,01-Nov-16,13:36:24
23734,Jo,AK,01-Oct-16,17:49:53,30,12 HRS,09-Oct-16,1:10,17-Dec-16,20:32,18-Dec-16,already off
23697,Jo,MP,08-Oct-16,13:40:49,30,12 HRS,09-Oct-16,0:10,05-Nov-16,21:27,09-Nov-16,already off
23617,Jo,NB,08-Oct-16,14:12:26,30,12 HRS,09-Oct-16,0:39,08-Jan-17,21:20,09-Jan-17,already off
24261,Kloo,MC,10-Oct-16,15:10:36,30,12 HRS,11-Oct-16,23:12,,,,
22847,Kloo,AX,10-Oct-16,15:11:47,30,12 HRS,12-Oct-16,0:06,02-Nov-16,11:30,05-Nov-16,11:33:01
23290,Kloo,NC,10-Oct-16,15:13:22,30,12 HRS,14-Oct-16,21:45,26-Nov-16,19:53,29-Nov-16,already off
22742,Kloo,AH,10-Oct-16,15:15:21,30,12 HRS,14-Oct-16,22:05,09-Dec-16,~09:50,09-Dec-16,already off
22109,Kloo,NI,10-Oct-16,15:08:22,30,12 HRS,14-Oct-16,21:25,16-Jan-17,0:10,24-Jan-17,already off
23879,Jo,HA,16-Oct-16,12:32:49,30,12 HRS,16-Oct-16,23:35,09-Apr-17,1:06,17-Apr-17,already off
23815,Jo,ME,16-Oct-16,12:37:28,30,12 HRS,16-Oct-16,23:32,24-Oct-16,~18:45,24-Oct-16,20:06:23
23812,Jo,HB,16-Oct-16,12:34:06,30,12 HRS,16-Oct-16,22:22,05-Apr-17,~14:00,17-Apr-17,already off
23615,Jo,AC,16-Oct-16,12:30:06,30,12 HRS,16-Oct-16,23:09,12-Nov-16,20:59,13-Nov-16,Already off
22873,Jo,HC,16-Oct-16,12:35:20,30,12 HRS,16-Oct-16,23:15,17-Dec-16,20:27,18-Dec-16,already off
23830,Kloo,MQ,20-Oct-16,17:27:33,30,12 HRS,20-Oct-16,23:00,30-Mar-17,3:19,15-Apr-17,already off
24271,Chadbear,AI,20-Oct-16,17:26:23,30,12 HRS,21-Oct-16,0:26,24-Dec-16,21:37,05-Jan-17,already off
23903,Jo,ME,24-Oct-16,20:33:07,30,12 HRS,24-Oct-16,23:42,25-Nov-16,20:22,26-Nov-16,13:26:37
23818,Jo,MM,24-Oct-16,17:24:25,30,12 HRS,24-Oct-16,22:24,unknown mort,unknown,24-Jan-17,Already off
23788,Jo,AZ,24-Oct-16,17:26:58,30,12 HRS,24-Oct-16,23:37,17-Dec-16,21:19,18-Dec-16,already off
22890,Jo,AU,24-Oct-16,20:12:35,30,12 HRS,24-Oct-16,22:42,25-Nov-16,20:01,26-Nov-16,12:51:01
23717,Kloo,MR,30-Oct-16,17:31:56,30,12 HRS,30-Oct-16,23:07,01-Mar-17,23:18,05-Mar-17,already off
22705,Kloo,AO,30-Oct-16,17:34:19,30,12 HRS,30-Oct-16,22:07,26-Nov-16,20:09,29-Nov-16,12:58:49
22130,Kloo,AF,30-Oct-16,17:35:58,30,12 HRS,30-Oct-16,22:10,02-Jan-17,20:30,05-Jan-16,already off
23967,Jo,AP,31-Oct-16,14:36:06,30,12 HRS,31-Oct-16,22:55,17-Dec-16,20:59,18-Dec-16,already off
23896,Jo,NE,31-Oct-16,14:32:56,30,12 HRS,31-Oct-16,21:56,17-Dec-16,20:13,18-Dec-16,already off
23865,Jo,MK,31-Oct-16,14:35:05,30,12 HRS,31-Oct-16,21:50,17-Dec-16,19:53,18-Dec-16,already off
23713,Jo,AA,31-Oct-16,14:29:16,30,12 HRS,31-Oct-16,22:24,25-Nov-16,20:56,26-Nov-16,12:57:38
23682,Jo,MG,31-Oct-16,14:37:09,30,12 HRS,31-Oct-16,21:38,25-Nov-16,19:52,26-Nov-16,13:40:53
23641,Jo,MH,31-Oct-16,14:31:06,30,12 HRS,31-Oct-16,23:05,05-Nov-16,21:55,09-Nov-16,15:25:34
22847,Kloo,BD,02-Nov-16,20:00:33,30,12 HRS,02-Nov-16,~23:59,30-Jan-17,10:25,01-Feb-17,already off
22855,Kloo,MF,02-Nov-16,19:58:39,30,12 HRS,03-Nov-16,0:23,30-Mar-17,3:40,14-Apr-17,already off
24247,Kloo,AD,02-Nov-16,19:59:44,30,12 HRS,04-Nov-16,21:00,,,,
22724,Kloo,NF,02-Nov-16,19:57:44,30,12 HRS,04-Nov-16,21:10,30-Jan-17,10:30,01-Feb-17,already off
23994,Jo,BC,05-Nov-16,15:15:55,30,12 HRS,05-Nov-16,21:32,17-Dec-16,20:17,18-Dec-16,already off
23731,Jo,AX,05-Nov-16,15:18:09,30,12 HRS,05-Nov-16,22:06,17-Dec-16,20:20,18-Dec-16,16:10:52
23697,Jo,MA,05-Nov-16,15:21:38,30,12 HRS,05-Nov-16,21:27,17-Dec-16,21:28,18-Dec-16,already off
23641,Jo,MV,05-Nov-16,16:12:03,30,12 HRS,05-Nov-16,21:55,08-Jan-17,21:00,09-Jan-17,already off
22813,Jo,NH,05-Nov-16,15:19:36,30,12 HRS,05-Nov-16,22:21,08-Jan-17,20:34,09-Jan-17,11:02:29
24317,Jo,NA,11-Nov-16,20:27:50,30,12 HRS,12-Nov-16,20:38,08-Jan-17,21:39,09-Jan-17,9:01:20
23942,Jo,MZ,11-Nov-16,20:24:25,30,12 HRS,12-Nov-16,21:04,20-Nov-16,14:15,20-Nov-16,16:05:01
23615,Jo,MT,11-Nov-16,20:26:11,30,12 HRS,12-Nov-16,20:59,05-Dec-16,~14:00,05-Dec-16,16:41:16
23652,Kloo,FU,13-Nov-16,19:03:35,30,12 HRS,14-Nov-16,21:25,29-Jan-17,~15:00,30-Jan-17,15:27:14
22717,Kloo,AQ,13-Nov-16,19:04:14,30,12 HRS,14-Nov-16,20:38,02-Jan-17,21:24,05-Jan-16,already off
23903,Jo,BG,25-Nov-16,14:36:07,30,12 HRS,25-Nov-16,20:22,16-Apr-17,2:24,16-Apr-17,already off
23713,Jo,MZ,25-Nov-16,14:37:13,30,12 HRS,25-Nov-16,20:56,10-Jan-17,21:20,13-Jan-17,already off
23682,Jo,PU,25-Nov-16,14:39:32,30,12 HRS,25-Nov-16,19:52,08-Jan-17,21:45,09-Jan-17,10:39:47
23679,Jo,MH,25-Nov-16,14:35:11,30,12 HRS,25-Nov-16,19:52,18-Dec-16,~15:00,18-Dec-16,18:53:59
23307,Jo,BF,25-Nov-16,14:34:04,30,12 HRS,25-Nov-16,20:22,15-Dec-16,~14:00,15-Dec-16,17:36:33
22890,Jo,MP,25-Nov-16,14:38:05,30,12 HRS,25-Nov-16,20:01,08-Jan-17,21:23,09-Jan-17,already off
23290,Kloo,AU,26-Nov-16,14:03:05,30,12 HRS,26-Nov-16,19:53,29-Jan-17,~15:00,30-Jan-17,15:23:12
22705,Kloo,AM,26-Nov-16,14:03:51,30,12 HRS,26-Nov-16,20:09,08-Dec-16,~13:00,08-Dec-16,16:14:48
B2819,KLOO,BG,25-Nov-15,18:24:23,30,12 HRS,27-Nov-16,21:17,23-Jan-16,21:35,24-Jan-15,already off
22821,Kloo,AO,01-Dec-16,16:48:49,30,12 HRS,03-Dec-16,20:12,02-Jan-17,20:53,05-Jan-16,already off
23994,Jo,AC,17-Dec-16,10:52:26,30,12 HRS,17-Dec-16,20:17,08-Jan-17,21:54,09-Jan-17,already off
23967,Jo,BF,17-Dec-16,10:47:55,30,12 HRS,17-Dec-16,20:59,09-Feb-17,22:10,11-Feb-17,already off
23896,Jo,AM,17-Dec-16,10:53:41,30,12 HRS,17-Dec-16,20:13,15-Jan-17,~15:00,24-Jan-17,already off
23865,Jo,AA,17-Dec-16,10:55:23,30,12 HRS,17-Dec-16,19:53,10-Jan-17,20:45,13-Jan-17,8:33:04
23788,Jo,MG,17-Dec-16,11:02:13,30,12 HRS,17-Dec-16,21:19,23-Mar-17,18:30,23-Mar-17,already off
23734,Jo,MT,17-Dec-16,10:44:35,30,12 HRS,17-Dec-16,20:32,29-Mar-17,0:37,29-Mar-17,already off
23731,Jo,NC,17-Dec-16,10:45:49,30,12 HRS,17-Dec-16,20:20,10-Jan-17,20:49,13-Jan-17,9:09:03
23697,Jo,BH,17-Dec-16,10:50:01,30,12 HRS,17-Dec-16,21:28,16-Apr-17,1:19,16-Apr-17,already off
22873,Jo,AH,17-Dec-16,11:00:41,30,12 HRS,17-Dec-16,20:27,09-Feb-17,22:00,11-Feb-17,already off
24194,Chadbear,MA,19-Dec-16,19:48:43,30,12 HRS,21-Dec-16,20:30,25-Jan-17,10:15,27-Jan-17,already off
24187,Chadbear,NG,19-Dec-16,19:45:14,30,12 HRS,21-Dec-16,20:35,16-Jan-17,~21:10,23-Jan-17,already off
24498,Kloo,BC,19-Dec-16,19:53:11,30,12 HRS,23-Dec-16,22:15,14-Jan-17,21:04,24-Jan-17,already off
24242,Leroy,AZ,19-Dec-16,19:46:26,30,12 HRS,23-Dec-16,21:40,16-Jan-17,21:05,23-Jan-17,18:35:13
24271,Kloo,AP,19-Dec-16,19:54:04,30,12 HRS,24-Dec-16,21:37,08-May-17,lost card,09-May-17,already off
24224,Chadbear,AK,19-Dec-16,19:43:47,30,12 HRS,24-Dec-16,21:30,30-Jan-17,10:50,01-Feb-17,16:28:07
22821,Kloo,NE,30-Dec-16,10:47:51,30,12 HRS,02-Jan-17,20:53,10-Jan-17,~15:30,13-Jan-17,8:17:03
22717,Kloo,MS,30-Dec-16,10:37:13,30,12 HRS,02-Jan-17,21:24,15-Jan-17,~15:00,24-Jan-17,16:47:38
22130,Kloo,HC,30-Dec-16,10:32:20,30,12 HRS,02-Jan-17,20:30,29-Jan-17,~15:00,30-Jan-17,already off
24317,Jo,AQ,07-Jan-17,10:20:25,30,12 HRS,08-Jan-17,21:39,09-Feb-17,22:40,11-Feb-17,12:58:01
23994,Jo,AX,07-Jan-17,10:26:33,30,12 HRS,08-Jan-17,21:54,21-Mar-17,16:00,21-Mar-17,already off
23906,Jo,MH,07-Jan-17,10:23:37,30,12 HRS,08-Jan-17,21:11,09-Feb-17,21:30,11-Feb-17,already off
23682,Jo,MK,07-Jan-17,10:18:10,30,12 HRS,08-Jan-17,21:45,29-Mar-17,1:40,29-Mar-17,already off
23641,Jo,AO,07-Jan-17,10:25:34,30,12 HRS,08-Jan-17,21:00,09-Feb-17,22:30,11-Feb-17,12:20:32
23617,Jo,AF,07-Jan-17,11:00:05,30,12 HRS,08-Jan-17,21:20,25-Feb-17,22:40,26-Feb-17,already off
22890,Jo,AS,07-Jan-17,10:28:36,30,12 HRS,08-Jan-17,21:23,09-Feb-17,20:57,11-Feb-17,12:29:40
22813,Jo,AI,07-Jan-17,10:22:20,30,12 HRS,08-Jan-17,20:34,25-Feb-17,22:17,26-Feb-17,already off
23962,Jo,NH,10-Jan-17,8:57:02,30,12 HRS,10-Jan-17,21:13,09-Feb-17,22:25,11-Feb-17,13:59:55
23865,Jo,AC,10-Jan-17,9:01:17,30,12 HRS,10-Jan-17,20:45,09-Feb-17,21:12,11-Feb-17,already off
23731,Jo,MP,10-Jan-17,8:53:23,30,12 HRS,10-Jan-17,20:49,09-Feb-17,21:19,11-Feb-17,12:42:43
23713,Jo,NA,10-Jan-17,9:00:22,30,12 HRS,10-Jan-17,21:20,24-Feb-17,~14:00,26-Feb-17,12:06:22
24498,Kloo,MV,10-Jan-17,8:55:13,30,12 HRS,14-Jan-17,21:04,31-Jan-17,10:50,01-Feb-17,16:08:49
24242,Leroy,AA,14-Jan-17,15:59:49,30,12 HRS,16-Jan-17,21:05,25-Jan-17,10:00,27-Jan-17,16:49:52
24187,Chadbear,NE,14-Jan-17,16:01:13,30,12 HRS,16-Jan-17,21:10,26-Apr-17,12:40,01-May-17,Already off
22109,Kloo,NB,10-Jan-17,8:58:21,30,12 HRS,16-Jan-17,0:10,31-Jan-17,10:45,01-Feb-17,15:32:29
24242,Leroy,NI,24-Jan-17,21:24:07,30,12 HRS,25-Jan-17,~20:00,12-Feb-17,~12:30,13-Feb-17,10:59:51
24194,Chadbear,AR,24-Jan-17,21:26:58,30,12 HRS,25-Jan-17,~20:00,29-Apr-17,1:35,29-Apr-17,Already off
23652,Kloo,AZ,24-Jan-17,21:31:15,30,12 HRS,29-Jan-17,~20:00,07-Feb-17,~13:30,09-Feb-17,10:23:15
23290,Kloo,NG,27-Jan-17,18:05:03,30,12 HRS,29-Jan-17,~20:00,30-Mar-17,2:13,15-Apr-17,already off
22130,Kloo,MS,24-Jan-17,21:20:25,30,12 HRS,29-Jan-17,~21:00,01-Mar-17,22:35,05-Mar-17,21:40:33
24224,Chadbear,AA,27-Jan-17,18:09:56,30,12 HRS,30-Jan-17,~21:00,,,,
22847,Kloo,BC,27-Jan-17,17:58:38,30,12 HRS,30-Jan-17,~21:00,30-Mar-17,2:37,15-Apr-17,already off
22724,Kloo,MA,27-Jan-17,18:07:33,30,12 HRS,30-Jan-17,~21:00,01-Mar-17,23:12,05-Mar-17,21:53:10
24498,Kloo,FU,30-Jan-17,22:28:05,30,12 HRS,31-Jan-17,~21:00,14-Apr-17,1:19,19-Apr-17,10:50:10
24279,Chadbear,AM,30-Jan-17,22:21:42,30,12 HRS,31-Jan-17,~21:00,06-Apr-17,~17:00,17-Apr-17,already off
22109,Kloo,PU,27-Jan-17,18:01:43,30,12 HRS,31-Jan-17,~21:00,29-Mar-17,3:27,07-Apr-17,15:59:15
24317,Jo,AY,09-Feb-17,12:55:36,30,12 HRS,09-Feb-17,22:40,29-Mar-17,1:54,29-Mar-17,already off
23967,Jo,HC,09-Feb-17,13:01:00,30,12 HRS,09-Feb-17,22:10,29-Mar-17,1:27,29-Mar-17,already off
23962,Jo,AK,09-Feb-17,12:53:30,30,12 HRS,09-Feb-17,22:25,29-Mar-17,1:16,29-Mar-17,14:54:09
23906,Jo,NB,09-Feb-17,13:04:25,30,12 HRS,09-Feb-17,21:30,29-Mar-17,0:43,29-Mar-17,already off
23865,Jo,AZ,09-Feb-17,12:56:33,30,12 HRS,09-Feb-17,21:12,29-Mar-17,1:00,29-Mar-17,16:22:45
23731,Jo,NF,09-Feb-17,12:59:41,30,12 HRS,09-Feb-17,21:19,19-Feb-17,~14:00,23-Feb-17,already off
23641,Jo,BD,09-Feb-17,12:58:24,30,12 HRS,09-Feb-17,22:30,20-Mar-17,19:00,21-Mar-17,already off
22890,Jo,MV,09-Feb-17,12:57:30,30,12 HRS,09-Feb-17,20:57,29-Mar-17,2:00,29-Mar-17,already off
22873,Jo,MZ,09-Feb-17,12:54:39,30,12 HRS,09-Feb-17,22:00,10-Mar-17,~14:30,11-Mar-17,already off
22837,Kloo,BF,18-Feb-17,11:52:39,30,12 HRS,18-Feb-17,21:17,30-Mar-17,1:45,15-Apr-17,already off
24326,Jo,NF,25-Feb-17,11:26:35,30,12 HRS,25-Feb-17,23:22,09-Apr-17,1:29,17-Apr-17,already off
23999,Jo,AO,25-Feb-17,11:21:36,30,12 HRS,25-Feb-17,22:17,29-Mar-17,1:21,17-Apr-17,already off
23617,Jo,MH,25-Feb-17,11:24:12,30,12 HRS,25-Feb-17,22:40,29-Mar-17,1:43,29-Mar-17,13:36:36
22975,Jo,AQ,25-Feb-17,11:27:46,30,12 HRS,25-Feb-17,22:38,29-Mar-17,0:31,29-Mar-17,already off
22813,Jo,NH,25-Feb-17,11:25:18,30,12 HRS,25-Feb-17,22:34,29-Mar-17,1:57,29-Mar-17,15:19:08
23717,Kloo,MD,01-Mar-17,12:31:44,30,12 HRS,01-Mar-17,23:18,30-Apr-17,2:06,15-Apr-17,already off
22724,Kloo,AF,01-Mar-17,12:33:00,30,12 HRS,01-Mar-17,23:12,30-Mar-17,2:35,15-Apr-17,already off
22130,Kloo,AH,01-Mar-17,12:34:02,30,12 HRS,01-Mar-17,22:35,30-Mar-17,1:20,17-Apr-17,already off
23999,Jo,TD,27-Mar-17,11:11:03,30,12 HRS,29-Mar-17,1:21,07-May-17,2:05,08-May-17,already off
23967,Jo,MP,27-Mar-17,11:04:46,30,12 HRS,29-Mar-17,1:27,16-Apr-17,2:15,16-Apr-17,17:14:07
23962,Jo,AI,27-Mar-17,11:08:43,30,12 HRS,29-Mar-17,1:16,07-May-17,2:50,08-May-17,0:35:44
23906,Jo,TE,27-Mar-17,11:25:48,30,12 HRS,29-Mar-17,0:43,29-Apr-17,3:40,30-Apr-17,20:18:48
23865,Jo,MS,27-Mar-17,11:17:28,30,12 HRS,29-Mar-17,1:00,07-May-17,1:54,08-May-17,already off
23734,Jo,NI,27-Mar-17,11:16:05,30,12 HRS,29-Mar-17,0:37,16-Apr-17,1:25,16-Apr-17,17:13:02
23682,Jo,TF,27-Mar-17,11:27:13,30,12 HRS,29-Mar-17,1:40,29-Apr-17,4:04,29-Apr-17,18:00:34
23617,Jo,MA,27-Mar-17,11:05:48,30,12 HRS,29-Mar-17,1:43,16-Apr-17,2:12,19-Apr-17,10:43:34
22975,Jo,MR,27-Mar-17,11:09:55,30,12 HRS,29-Mar-17,0:31,29-Apr-17,2:05,29-Apr-17,18:00:02
22890,Jo,MZ,27-Mar-17,11:14:25,30,12 HRS,29-Mar-17,2:00,16-Apr-17,1:00,16-Apr-17,already off
22813,Jo,AW,27-Mar-17,10:59:16,30,12 HRS,29-Mar-17,1:57,29-Apr-17,3:55,30-Apr-17,20:10:43
24291,Kloo,TB,27-Mar-17,11:28:27,30,12 HRS,30-Mar-17,1:00,,,,
23830,Kloo,AK,29-Mar-17,18:30:33,30,12 HRS,30-Mar-17,3:17,30-Apr-17,2:40,30-Apr-17,18:15:10
23717,Kloo,NB,29-Mar-17,18:37:24,30,12 HRS,30-Mar-17,2:06,30-Apr-17,1:55,30-Apr-17,already off
23290,Kloo,NH,29-Mar-17,18:36:01,30,12 HRS,30-Mar-17,2:13,17-May-17,~11:00,21-May-17,already off
22847,Kloo,TA,27-Mar-17,11:07:01,30,12 HRS,30-Mar-17,2:37,17-May-17,~11:00,22-May-17,17:45:31
22837,Kloo,AZ,29-Mar-17,18:33:13,30,12 HRS,30-Mar-17,1:45,26-May-17,9:15,29-May-17,already off
22724,Kloo,AY,29-Mar-17,18:38:57,30,12 HRS,30-Mar-17,2:35,16-May-17,2:25,21-May-17,21:06:18
22130,Kloo,AT,27-Mar-17,10:57:00,30,12 HRS,30-Mar-17,1:20,20-May-17,~11:00,22-May-17,17:41:59
24326,Jo,AQ,08-Apr-17,22:36:06,30,12 HRS,09-Apr-17,1:29,19-May-17,3:33,19-May-17,20:26:54
24280,Jo,MK,08-Apr-17,10:43:35 PM,30,12 HRS,09-Apr-17,1:38,11-May-17,mort,19-May-17,15:00:32
23879,Jo,TC,08-Apr-17,10:46:07 PM,30,12 HRS,09-Apr-17,1:06,15-Aug-17,~07:25,15-Aug-17,16:53:42
23686,Jo,MM,08-Apr-17,22:37:07,30,12 HRS,09-Apr-17,1:08,18-Jul-17,3:30,19-Jul-17,already off
24498,Kloo,ME,08-Apr-17,22:38:40,30,12 HRS,14-Apr-17,1:19,17-Aug-17,7:35,17-Aug-17,already off
22109,Kloo,MO,08-Apr-17,22:34:04,30,12 HRS,14-Apr-17,0:50,30-Apr-17,2:48,30-Apr-17,18:31:21
23967,Jo,NG,15-Apr-17,18:24:05,30,12 HRS,16-Apr-17,2:15,22-May-17,~14:00,22-May-17,already off
23734,Jo,AC,15-Apr-17,18:25:21,30,12 HRS,16-Apr-17,1:25,30-May-17,2:28,02-Jun-17,16:13:35
23697,Jo,BC,15-Apr-17,18:21:32,30,12 HRS,16-Apr-17,1:19,30-May-17,3:05,02-Jun-17,17:16:16
23617,Jo,MQ,15-Apr-17,18:19:52,30,12 HRS,16-Apr-17,2:12,29-Apr-17,3:30,30-Apr-17,20:14:44
22890,Jo,BF,15-Apr-17,18:22:57,30,12 HRS,16-Apr-17,1:00,19-May-17,2:26,19-May-17,20:33:22
24553,Kloo,NI,26-Apr-17,23:02:27,30,12 HRS,27-Apr-17,~2:30,08-Jun-17,~8:45,11-Jun-17,12:18:33
24194,ChadBear,MP,27-Apr-17,13:54:30,30,12 HRS,29-Apr-17,1:35,19-May-17,11:15,21-May-17,21:06:47
23682,Jo,NF,27-Apr-17,13:51:26,30,12 HRS,29-Apr-17,4:04,30-May-17,3:49,02-Jun-17,already off
23617,Jo,MV,26-Apr-17,18:54:08,30,12 HRS,29-Apr-17,3:30,30-May-17,3:13,02-Jun-17,17:37:47
22975,Jo,AB,27-Apr-17,13:53:33,30,12 HRS,29-Apr-17,2:05,15-Aug-17,~08:00,15-Aug-17,2:12:40
22813,Jo,MA,27-Apr-17,13:52:22,30,12 HRS,29-Apr-17,3:55,07-May-17,3:10,08-May-17,1:22:43
23830,Kloo,AF,26-Apr-17,18:45:25,30,12 HRS,30-Apr-17,2:40,08-Jun-17,9:40,11-Jun-17,already off
23717,Kloo,AO,27-Apr-17,13:56:11,30,12 HRS,30-Apr-17,1:55,17-May-17,~11:00,22-May-17,17:49:23
22109,Kloo,MD,26-Apr-17,18:48:46,30,12 HRS,30-Apr-17,2:48,10-Jun-17,23:30,11-Jun-17,13:37:33
23999,Jo,HB,06-May-17,21:10:57,30,12 HRS,07-May-17,2:05,19-May-17,mort,21-May-17,11:41:41
23962,Jo,HA,06-May-17,21:10:42,30,12 HRS,07-May-17,2:50,27-May-17,2:55,29-May-17,12:39:14
22813,Jo,HC,06-May-17,21:11:09,30,12 HRS,07-May-17,3:10,19-May-17,2:21,19-May-17,20:37:32
24271,Kloo,MK,19-May-17,15:45:25,30,12 HRS,19-May-17,need,25-Jul-17,2:55,battery disconnected,already off
23717,Kloo,BF,19-May-17,22:22:43,30,12 HRS,19-May-17,need,,~07:50,15-Aug-17,already off
22847,Kloo,AQ,19-May-17,22:22:59,30,12 HRS,22-May-17,~6:30,20-Jul-17,,20-Jul-17,already off
24335,Kloo,AT,25-May-17,16:00:52,30,No Delay,25-May-17,~19:00,26-Jul-17,2:43,31-Jul-17,already off
24326,Jo,AO,25-May-17,16:01:36,30,No Delay,25-May-17,~18:00,15-Aug-17,~08:15,15-Aug-17,already off (battery was dettached)
23290,Kloo,HD,26-May-17,17:57:00,30,No Delay,26-May-17,~18:00,01-Oct-17,~9:00,04-Oct-17,10:25:18
22130,Kloo,HE,26-May-17,17:56:46,30,No Delay,26-May-17,~20:00,05-Jun-17,,05-Jun-17,19:49:29
24432,Jo,HF,27-May-17,15:27:42,30,no delay,27-May-17,~17:30,15-Aug-17,~08:30,15-Aug-17,already off
23876,Kloo,HG,28-May-17,16:24:03,30,no delay,28-May-17,~18:15,01-Jan-18,22:38,08-Jan-17,already off
22837,Kloo,HC,29-May-17,13:56:42,30,no delay ,29-May-17,~16:30,26-Jul-17,2:50,31-Jul-17,already off
24187,Chadbear,AC,03-Jun-17,0:46:35,30,no delay,03-Jun-17,9:45,17-Aug-17,7:20,17-Aug-17,already off
24553,Kloo,HB,08-Jun-17,12:35:04,30,no delay,09-Jun-17,~08:35,01-Oct-17,10:55,04-Oct-17,already off
23830,Kloo,HA,08-Jun-17,12:37:51,30,no delay,09-Jun-17,~09:40,17-Aug-17,7:50,17-Aug-17,already off
23962,Jo,AF,25-Jun-17,1:12:42,30,no delay,25-Jun-17,4:28,15-Aug-17,~07:55,15-Aug-17,already off
23991,Jo,MD,30-Jun-17,1:31:29,30,no delay,29-Jun-17,~03:45,16-Aug-17,~08:00,16-Aug-17,already off…
22724,Kloo,HE,20-Jul-17,1:04:26,30,no delay,20-Jul-17,3:45,01-Oct-17,11:22,04-Oct-17,10:41:29
24271,Kloo,AY,25-Jul-17,21:30:18,30,no delay,25-Jul-17,2:55,17-Aug-17,~08:15,17-Aug-17,8:56:02
24335,Kloo,AQ,25-Jul-17,21:29:05,30,no delay,26-Jul-17,2:43,01-Oct-17,8:47,15-Oct-17,already off
22837,Kloo,NI,25-Jul-17,21:31:04,30,no delay,26-Jul-17,2:50,01-Oct-17,10:55,15-Oct-17,already off
24699,Kloo,AC,30-Sep-17,13:05:39,30,no delay,01-Oct-17,~10:00,14-Oct-17,~17:00,18-Oct-17,14:43:23
24553,Kloo,HF,30-Sep-17,19:10:56,30,no delay,01-Oct-17,10:55,15-Nov-17,20:59,16-Nov-17,already off
24521,Kloo,HC,30-Sep-17,12:58:46,30,no delay,01-Oct-17,~8:30,26-Dec-17,23:20,01-Jan-18,already off
24335,Kloo,AO,30-Sep-17,13:07:13,30,no delay,01-Oct-17,8:47,19-Oct-17,23:17,22-Oct-17,15:17:22
24298,Kloo,TC,30-Sep-17,19:10:42,30,no delay,01-Oct-17,10:09,13-Dec-17,~09:45,13-Dec-17,already off
24271,Kloo,BF,30-Sep-17,13:04:55,30,no delay,01-Oct-17,~8:15,15-Nov-17,20:07,16-Nov-17,already off
24266,Kloo,AB,30-Sep-17,12:51:45,30,no delay,01-Oct-17,8:59,13-Oct-17,~13:00,18-Oct-17,already off
23830,Kloo,MP,30-Sep-17,13:03:09,30,no delay,01-Oct-17,~9:00,13-Dec-17,13:45,13-Dec-17,already off
23717,Kloo,AT,30-Sep-17,13:06:27,30,no delay,01-Oct-17,8:25,13-Dec-17,~09:21,13-Dec-17,already off
23290,Kloo,AF,30-Sep-17,13:01:56,30,no delay,01-Oct-17,~9:00,08-Nov-17,20:31,12-Nov-17,already off
22847,Kloo,AY,30-Sep-17,13:04:03,30,no delay,01-Oct-17,~11:00,27-Mar-18,1:59,30-Mar-18,already off
22837,Kloo,MD,30-Sep-17,19:11:07,30,no delay,01-Oct-17,10:40,16-Nov-17,21:49,18-Nov-17,already off
22724,Kloo,HA,30-Sep-17,19:11:14,30,no delay,01-Oct-17,11:22,15-Nov-17,21:39,16-Nov-17,15:50:10
22109,Kloo,MK,30-Sep-17,13:00:32,30,no delay,01-Oct-17,8:00,13-Dec-17,13:30,13-Dec-17,already off
24432,Jo,AR,01-Oct-17,20:50:17,30,no delay,02-Oct-17,8:44,13-Oct-17,~17:00,18-Oct-17,15:28:30
24420,Jo,AX,01-Oct-17,17:51:19,30,no delay,02-Oct-17,~8:45,27-Oct-17,23:35,28-Oct-17,15:49:36
24326,Jo,NF,01-Oct-17,20:54:37,30,no delay,02-Oct-17,9:13,10-Dec-17,20:14,11-Dec-17,already off
23991,Jo,AZ,01-Oct-17,17:50:31,30,no delay,02-Oct-17,~10:15,27-Oct-17,21:57,28-Oct-17,already off
23879,Jo,TD,01-Oct-17,20:55:30,30,no delay,02-Oct-17,9:25,28-Oct-17,22:24,30-Oct-17,17:43:10
23734,Jo,AH,01-Oct-17,20:51:40,30,no delay,02-Oct-17,9:28,10-Dec-17,20:18,11-Dec-17,already off
22975,Jo,AI,01-Oct-17,20:52:12,30,no delay,02-Oct-17,8:50,03-Jan-18,20:58,08-Jan-18,already off
22890,Jo,BH,01-Oct-17,20:49:16,30,no delay,02-Oct-17,~8:45,27-Oct-17,23:12,28-Oct-17,already off
22813,Jo,TF,01-Oct-17,20:50:57,30,no delay,02-Oct-17,~8:30,10-Dec-17,21:19,11-Dec-17,already off
24960,Chadbear,HB,04-Oct-17,18:11:19,30,no delay,05-Oct-17,9:45,20-Nov-17,20:14,22-Nov-17,16:04:32
24308,Chadbear,MQ,04-Oct-17,18:10:24,30,no delay,05-Oct-17,~9:30,23-Nov-17,19:42,24-Nov-17,14:36:59
24199,Chadbear,HE,04-Oct-17,18:11:40,30,no delay,05-Oct-17,~9:30,06-Nov-17,~16:00,07-Nov-17,16:10:14
24187,Chadbear,HD,04-Oct-17,18:10:55,30,no delay,05-Oct-17,9:09,08-Dec-17,19:52,10-Dec-17,13:15:58
24347,Rolo,AK,07-Oct-17,17:32:06,30,no delay,08-Oct-17,~9:15,13-Nov-17,20:19,14-Nov-17,19:55:45
23741,Rolo,MS,07-Oct-17,17:32:43,30,no delay,08-Oct-17,9:15,13-Nov-17,20:53,14-Nov-17,19:39:49
24968,Kloo,MG,10-Oct-17,20:51:26,30,no delay,11-Oct-17,949,19-Oct-17,23:49,22-Oct-17,already off
24685,Kloo,NH,10-Oct-17,20:49:46,30,no delay,11-Oct-17,955,19-Oct-17,23:27,22-Oct-17,15:31:41
24683,Kloo,PU,07-Oct-17,17:33:25,30,no delay,11-Oct-17,~1100,08-Nov-17,21:25,12-Nov-17,15:49:39
24661,Kloo,NB,10-Oct-17,20:52:58,30,no delay,11-Oct-17,1149,13-Dec-17,13:31,13-Dec-17,already off
24653,Kloo,NA,10-Oct-17,20:50:51,30,no delay,11-Oct-17,941,13-Dec-17,~08:30,13-Dec-17,already off
24628,Kloo,BC,07-Oct-17,17:34:37,30,no delay,11-Oct-17,920,19-Oct-17,~23:02,22-Oct-17,16:00:12
24555,Kloo,MV,07-Oct-17,17:35:07,30,no delay,11-Oct-17,1120,05-May-18,mort,06-May-18,already off
24536,Kloo,NG,07-Oct-17,17:31:32,30,no delay,11-Oct-17,~1100,08-Nov-17,20:56,12-Nov-17,16:03:38
24270,Kloo,AP,10-Oct-17,20:54:32,30,no delay,11-Oct-17,1020,15-Nov-17,21:20,16-Nov-17,17:11:45
25114,Rolo,MH,10-Oct-17,20:44:57,30,no delay,12-Oct-17,1045,28-Nov-17,~11:30,03-Dec-17,already off
25103,Rolo,NC,10-Oct-17,20:43:34,30,no delay,12-Oct-17,1010,,,,
24964,Chadbear,MA,11-Oct-17,21:05:18,30,no delay,12-Oct-17,~10:40,17-Oct-17,~14:00,18-Oct-17,15:52:09
24583,Rolo,HH,11-Oct-17,21:04:39,30,no delay,12-Oct-17,1100,13-Nov-17,21:06,14-Nov-17,19:26:15
24194,Chadbear,HI,11-Oct-17,21:06:12,30,no delay,12-Oct-17,~1015,23-Nov-17,19:47,24-Nov-17,already off
24968,Kloo,AC,19-Oct-17,18:19:04,30,no delay,19-Oct-17,23:49,12-Dec-17,~1200,12-Dec-17,already off
24685,Kloo,MA,19-Oct-17,18:20:06,30,no delay,19-Oct-17,23:27,16-Nov-17,21:13,18-Nov-17,14:43:43
24628,Kloo,AB,19-Oct-17,18:17:35,30,no delay,19-Oct-17,~23:00,16-Nov-17,20:51,18-Nov-17,14:52:28
24335,Kloo,AR,19-Oct-17,18:16:34,30,no delay,19-Oct-17,~23:17,16-Nov-17,~21:20,18-Nov-17,14:59:24
24420,Jo,MT,26-Oct-17,14:51:01,30,no delay,27-Oct-17,23:35,10-Dec-17,19:20,11-Dec-17,already off
23991,Jo,AW,26-Oct-17,14:43:05,30,no delay,27-Oct-17,21:57,10-Dec-17,21:03,11-Dec-17,already off
22890,Jo,BG,26-Oct-17,14:39:48,30,no delay,27-Oct-17,23:12,20-Dec-17,~12:00,22-Dec-17,already off
23879,Jo,TE,26-Oct-17,14:40:51,,no delay,28-Oct-17,22:26,11-Feb-18,18:38,18-Feb-18,19:04:18
24683,Kloo,AM,08-Nov-17,15:57:34,30,no delay,08-Nov-17,21:25,13-Dec-17,~09:20,13-Dec-17,11:30:36
24536,Kloo,AX,08-Nov-17,17:21:01,30,no delay,08-Nov-17,20:56,13-Dec-17,14:03,13-Dec-17,16:33:35
23290,Kloo,AO,08-Nov-17,15:56:07,30,no delay,08-Nov-17,20:31,13-Dec-17,10:32,13-Dec-17,16:32:43
24583,Rolo,BC,08-Nov-17,15:58:04,30,no delay,13-Nov-17,21:06,07-Feb-18,,07-Feb-18,
24347,Rolo,NG,13-Nov-17,15:24:54,30,no delay,13-Nov-17,21:09,07-Feb-18,~17:30,07-Feb-18,~20:00
23741,Rolo,PU,13-Nov-17,15:27:02,30,no delay,13-Nov-17,20:53,13-Feb-18,18:00,18-Feb-18,already off
24404,Rolo,TA,08-Nov-17,15:56:54,30,no delay,14-Nov-17,20:39,26-Dec-17,21:55,01-Jan-18,15:33:34
24553,Kloo,AF,13-Nov-17,15:26:02,30,no delay,15-Nov-17,20:59,13-Dec-17,8:51,13-Dec-17,already off
24271,Kloo,HE,08-Nov-17,15:54:53,30,no delay,15-Nov-17,20:07,10-Feb-18,17:21,10-Feb-18,already off
24270,Kloo,AK,15-Nov-17,14:14:34,30,no delay,15-Nov-17,21:20,13-Dec-17,~1430,13-Dec-17,11:20:54
22724,Kloo,MS,15-Nov-17,14:12:04,30,no delay,15-Nov-17,21:39,13-Dec-17,9:30,13-Dec-17,11:35:44
24685,Kloo,HH,15-Nov-17,14:16:25,30,no delay,16-Nov-17,21:13,,,,
24628,Kloo,AP,16-Nov-17,19:14:23,30,no delay,16-Nov-17,20:51,02-Mar-18,23:38,04-Mar-18,13:06:00
22837,Kloo,HF,16-Nov-17,19:08:58,30,no delay,16-Nov-17,21:49,13-Dec-17,9:19,13-Dec-17,11:26:07
24960,Chadbear,BF,16-Nov-17,18:56:23,30,no delay,20-Nov-17,20:14,26-Nov-17,~11:30,03-Dec-17,18:09:28
24308,Chadbear,AB,18-Nov-17,16:49:42,30,no delay,23-Nov-17,19:42,26-Dec-17,21:59,01-Jan-18,15:24:06
24194,Chadbear,AR,18-Nov-17,16:48:04,30,no delay,23-Nov-17,19:47,07-Feb-18,,07-Feb-18,
24335,Kloo,HA,16-Nov-17,19:11:43,30,no delay,30-Nov-17,7:31,01-Jan-18,23:05,08-Jan-18,already off
24187,Chadbear,HI,05-Dec-17,15:20:51,30,no delay,08-Dec-17,19:52,26-Dec-17,21:37,01-Jan-18,15:16:37
24420,Jo,MD,05-Dec-17,15:20:02,30,no delay,10-Dec-17,19:20,15-Jan-18,20:54,18-Jan-18,17:29:03
24326,Jo,HB,10-Dec-17,18:48:34,30,no delay,10-Dec-17,20:14,03-Jan-18,20:55,08-Jan-18,18:43:53
23991,Jo,HD,10-Dec-17,18:47:03,30,no delay,10-Dec-17,21:03,27-Dec-17,0:47,01-Jan-17,18:24:18
23734,Jo,AZ,10-Dec-17,14:04:09,30,no delay,10-Dec-17,20:18,15-Jan-18,20:55,18-Jan-18,already off
22813,Jo,BF,05-Dec-17,14:38:22,30,no delay,10-Dec-17,21:19,27-Dec-17,0:11,01-Jan-18,still on
25152,Kloo,AW,12-Dec-17,15:05:52,5,24 HRS,13-Dec-17,8:20,20-Jan-18,~08:40,20-Jan-18,already off
24683,Kloo,AH,12-Dec-17,15:01:19,5,24 HRS,13-Dec-17,~09:30,20-Jan-18,14:04,24-Jan-18,already off
24661,Kloo,AT,13-Dec-17,12:03:02,5,no delay,13-Dec-17,13:31,20-Jan-18,10:45,25-Jan-18,already off
24653,Kloo,TD,12-Dec-17,15:06:25,5,24 HRS,13-Dec-17,~08:30,20-Jan-18,9:21,20-Jan-18,already off
24553,Kloo,TF,12-Dec-17,15:02:41,5,24 HRS,13-Dec-17,8:51,20-Jan-18,~10:00,20-Jan-18,already off
24536,Kloo,MA,13-Dec-17,12:02:40,5,no delay,13-Dec-17,14:03,20-Jan-18,~10:00,25-Jan-18,already off
24298,Kloo,NF,12-Dec-17,15:01:40,5,24 HRS,13-Dec-17,~09:45,20-Jan-18,13:53,24-Jan-18,already off
24270,Kloo,AF,13-Dec-17,12:02:24,5,no delay,13-Dec-17,~14:30,20-Jan-18,9:23,20-Jan-18,already off
23921,Kloo,AK,13-Dec-17,12:04:33,30,no delay,13-Dec-17,13:57,20-Jan-18,~08:20,20-Jan-18,already off
23830,Kloo,AM,13-Dec-17,12:01:43,5,no delay,13-Dec-17,13:45,20-Jan-18,~08:30,20-Jan-28,already off
23717,Kloo,AC,12-Dec-17,15:04:34,5,24 HRS,13-Dec-17,9:21,20-Jan-18,9:00,25-Jan-18,already off
23290,Kloo,AQ,12-Dec-17,15:08:19,5,24 HRS,13-Dec-17,10:32,26-Dec-17,23:01,28-Dec-17,already off
22837,Kloo,MT,12-Dec-17,15:06:56,5,24 HRS,13-Dec-17,,20-Jan-18,10:37,20-Jan-18,already off
22724,Kloo,NH,12-Dec-17,15:04:09,5,24 HRS,13-Dec-17,9:30,01-Jan-17,21:46,02-Jan-18,still on
22109,Kloo,MS,13-Dec-17,12:03:19,30,no delay,13-Dec-17,13:30,12-Feb-18,,12-Feb-18,already off
24695,Jo,MK,26-Dec-17,15:23:44,,no delay,26-Dec-17,1:00,18-Feb-18,~12:00,19-Feb-18,already off
24521,Kloo,NB,26-Dec-17,15:23:49,30,no delay,26-Dec-17,23:20,20-Jan-18,~09:10,20-Jan-18,11:16:57
24498,Kloo,ME,26-Dec-17,15:22:58,30,no delay,26-Dec-17,22:30,02-Apr-18,0:19,02-Apr-18,already off
24405,Kloo,ZA,26-Dec-17,15:22:57,30,no delay,26-Dec-17,23:28,20-Jan-18,8:36,20-Jan-18,11:26:34
24404,Rolo,MP,26-Dec-17,15:24:07,30,no delay,26-Dec-17,21:55,05-Mar-18,22:49,06-Mar-18,already off
24308,Chadbear,AO,26-Dec-17,15:22:11,30,no delay,26-Dec-17,21:59,09-Jan-18,~14:30,13-Jan-18,13:37:17
24187,Chadbear,ZB,26-Dec-17,15:23:20,30,no delay,26-Dec-17,21:37,14-Apr-18,~14:00 (mort),15-Apr-18,already off
23991,Jo,AX,26-Dec-17,15:22:01,30,no delay,26-Dec-17,0:47,15-Jan-18,22:41,18-Jan-18,17:07:06
23290,Kloo,MM,26-Dec-17,15:22:17,30,no delay,26-Dec-17,23:01,20-Jan-18,8:58,20-Jan-18,10:49:57
22813,Jo,BG,26-Dec-17,15:23:18,30,no delay,26-Dec-17,0:11,15-Jan-18,22:27,18-Jan-18,17:14:47
24688,Kloo,HD,01-Jan-18,18:58:10,30,no delay,01-Jan-18,21:40,20-Jan-18,9:34,25-Jan-18,13:15:34
24335,Kloo,AB,01-Jan-18,18:26:42,30,no delay,01-Jan-18,23:05,20-Jan-18,10:10,20-Jan-18,already off
22724,Kloo,BF,01-Jan-18,18:27:29,30,no delay,01-Jan-18,21:46,08-Feb-18,18:25,09-Feb-18,already off
24326,Jo,TA,01-Jan-18,18:58:15,,no delay,03-Jan-18,20:55,11-Feb-18,18:38,18-Feb-18,18:57:59
22975,Jo,HI,01-Jan-18,18:28:06,30,no delay,03-Jan-18,20:58,06-Mar-18,22:31,07-Mar-18,13:23:07
24420,Jo,HC,13-Jan-18,19:25:40,30,no delay,15-Jan-18,20:54,,,,
23991,Jo,HG,13-Jan-18,19:24:43,,no delay,15-Jan-18,22:41,11-Feb-18,18:24,18-Feb-18,19:15:05
23734,Jo,HA,13-Jan-18,19:25:55,30,no delay,15-Jan-18,20:55,28-Apr-18,mort,28-Apr-18,already off
22813,Jo,HN,13-Jan-18,19:24:12,30,no delay,15-Jan-18,22:27,07-Mar-18,0:19,08-Mar-18,13:54:44
25152,Kloo,AI,19-Jan-18,14:09:01,5,no delay,20-Jan-18,~08:45,02-Mar-18,21:51,04-Mar-18,13:38
24688,Kloo,AO,19-Jan-18,14:49:36,5,no delay,20-Jan-18,9:34,09-Feb-18,17:52,09-Feb-18,10:20:28
24683,Kloo,AW,20-Jan-18,12:29:12,5,no delay,20-Jan-18,14:04,10-Feb-18,18:00,10-Feb-18,20:01:59
24661,Kloo,HB,19-Jan-18,14:07:29,5,no delay,20-Jan-18,10:45,02-Mar-18,23:05,04-Mar-18,~13:00
24653,Kloo,ZA,20-Jan-18,11:49:27,5,no delay,20-Jan-18,13:23,10-Feb-18,17:42,10-Feb-18,19:55:05
24558,Kloo,AUDIO - gray,20-Jan-18,12:00:00,na,na,20-Jan-18,8:59,24-Jan-18,~20:30,na,na
24553,Kloo,AM,20-Jan-18,11:53:52,5,no delay,20-Jan-18,13:47,08-Feb-18,18:20,09-Feb-18,9:49:58
24536,Kloo,MT,20-Jan-18,12:27:06,5,no delay,20-Jan-18,13:36,08-Feb-18,18:08,09-Feb-18,10:13:15
24521,Kloo,AZ,20-Jan-18,11:00:13,5,no delay,20-Jan-18,~13:00,10-Feb-18,17:14,10-Feb-18,20:00:55
24408,Kloo,AUDIO - black,20-Jan-18,13:00:00,na,na,20-Jan-18,~09:55,24-Jan-18,~20:30,na,na
24405,Kloo,TF,20-Jan-18,11:47:09,5,no delay,20-Jan-18,~13:00,,,,
24335,Kloo,BG,19-Jan-18,14:09:52,5,no delay,20-Jan-18,10:10,14-Feb-18,17:03,18-Feb-18,18:37:15
24333,Kloo,AUDIO,20-Jan-18,12:30:00,na,na,20-Jan-18,9:14,11-Feb-18,10:10,na,na
24298,Kloo,TD,20-Jan-18,12:25:47,5,no delay,20-Jan-18,13:53,02-Mar-18,22:30,04-Mar-18,13:30
24270,Kloo,AK,20-Jan-18,11:52:07,5,no delay,20-Jan-18,13:37,10-Feb-18,~17:00,10-Feb-18,19:25:15
23921,Kloo,MM,20-Jan-18,11:50:43,5,no delay,20-Jan-18,~13:00,11-Feb-18,13:00,12-Feb-18,~1900
23830,Kloo,AB,20-Jan-18,11:45:04,5,no delay,20-Jan-18,~13:00,14-Feb-18,16:50,18-Feb-18,18:49:22
23717,Kloo,AX,19-Jan-18,14:09:22,5,no delay,20-Jan-18,9:01,27-Mar-18,1:26,30-Mar-18,already off
23290,Kloo,MG,20-Jan-18,10:55:21,5,no delay,20-Jan-18,~13:20,10-Feb-18,~17:00,10-Feb-18,already off
22837,Kloo,MD,19-Jan-18,14:08:36,5,no delay,20-Jan-18,10:37,09-Feb-18,18:26,09-Feb-18,9:59:33
24583,Rolo,HD,06-Feb-18,17:46:26,5,no delay,07-Feb-18,17:27,12-Feb-18,mort,12-Feb-18,~19:45
24347,Rolo,AT,06-Feb-18,17:46:54,5,no delay,07-Feb-18,17:07,05-Mar-18,23:25,06-Mar-18,already off
24194,Chadbear,AC,06-Feb-18,17:45:19,5,no delay,07-Feb-18,16:56,05-Mar-18,22:01,06-Mar-18,already off
24688,Kloo,AR,07-Feb-18,21:54:26,5,no delay,08-Feb-18,17:57,27-Mar-18,0:50,30-Mar-18,already off
24553,Kloo,AH,07-Feb-18,21:27:30,5,no delay,08-Feb-18,18:20,02-Mar-18,22:37,04-Mar-18,12:40:14
24536,Kloo,NF,06-Feb-18,17:45:49,5,no delay,08-Feb-18,18:08,04-Mar-18,mort,04-Mar-18,13:40:19
22837,Kloo,MA,07-Feb-18,21:31:35,5,no delay,08-Feb-18,18:26,27-Mar-18,1:18,30-Mar-18,already off
22724,Kloo,AF,06-Feb-18,17:46:09,5,no delay,08-Feb-18,18:25,27-Mar-18,2:39,30-Mar-18,already off
24683,Kloo,MD,09-Feb-18,20:11:40,5,no delay,10-Feb-18,18:00,18-Feb-18,~13:00,19-Feb-18,10:39:41
24653,Kloo,AM,09-Feb-18,20:12:28,5,no delay,10-Feb-18,17:45,27-Mar-18,2:02,30-Mar-18,already off
24521,Kloo,AO,09-Feb-18,20:10:37,5,no delay,10-Feb-18,18:02,04-Mar-18,23:59,05-Mar-18,already off
24271,Kloo,MT,09-Feb-18,20:12:48,5,no delay,10-Feb-18,17:28,15-May-18,~10:00,28-May-18,already off
24326,Jo,HE,10-Feb-18,21:40:57,5,no delay,11-Feb-18,18:38,06-Mar-18,22:16,07-Mar-18,13:18:48
23991,Jo,AK,11-Feb-18,12:32:25,5,no delay,11-Feb-18,18:24,08-Mar-18,mort,08-Mar-18,14:08:38
23921,Kloo,BC,09-Feb-18,20:12:03,5,no delay,11-Feb-18,13:00,04-Mar-18,22:22,05-Mar-18,14:54:56
23879,Jo,BF,09-Feb-18,20:11:09,5,no delay,11-Feb-18,18:38,06-Mar-18,21:59,07-Mar-18,already off
22109,Kloo,AZ,10-Feb-18,21:39:11,5,no delay,11-Feb-18,13:00,04-Mar-18,22:41,05-Mar-18,14:48:21
24981,Jo,HD,12-Feb-18,22:42:41,5,no delay,13-Feb-18,17:40,07-Mar-18,23:08,08-Mar-18,already off
23741,Rolo,ZA,12-Feb-18,22:35:32,5,no delay,13-Feb-18,18:00,05-Mar-18,22:10,06-Mar-18,12:37:18
24335,Kloo,MS,13-Feb-18,20:04:21,5,no delay,14-Feb-18,17:03,27-Mar-18,0:45,30-Mar-18,already off
23830,Kloo,MM,13-Feb-18,20:06:31,5,no delay,14-Feb-18,16:50,27-Mar-18,mort (retrieved ~18:00),30-Mar-18,13:36:46
25152,Kloo,AB,02-Mar-18,15:32:38,5,no delay,02-Mar-18,21:51,,,,
24661,Kloo,BG,02-Mar-18,15:33:38,5,no delay,02-Mar-18,23:05,30-Apr-18,1:40,30-Apr-18,14:15:31
24628,Kloo,PU,02-Mar-18,15:34:12,5,no delay,02-Mar-18,23:38,,,,
24553,Kloo,MD,02-Mar-18,15:33:09,5,no delay,02-Mar-18,22:37,02-Apr-18,0:44,02-Apr-18,already off
24298,Kloo,TE,02-Mar-18,15:34:44,5,no delay,02-Mar-18,22:30,,,,
24521,Kloo,TD,04-Mar-18,15:59:39,5,no delay,04-Mar-18,23:59,29-Apr-18,3:52,30-Apr-18,already off
23921,Kloo,HG,04-Mar-18,16:10:51,5,no delay,04-Mar-18,22:22,29-Apr-18,3:32,02-May-18,already off
22109,Kloo,AI,04-Mar-18,15:56:26,5,no delay,04-Mar-18,22:41,01-Apr-18,23:57,02-Apr-18,12:52:31
24404,Rolo,BC,05-Mar-18,17:21:24,5,no delay,05-Mar-18,22:49,01-Apr-18,0:31,01-Apr-18,14:47:57
24347,Rolo,NF,04-Mar-18,15:54:42,5,no delay,05-Mar-18,23:25,01-Apr-18,0:47,01-Apr-18,already off
24194,Chadbear,MK,04-Mar-18,16:06:42,5,no delay,05-Mar-18,22:01,06-May-18,1:35,06-May-18,already off
23741,Rolo,HB,04-Mar-18,16:12:58,5,no delay,05-Mar-18,22:10,28-Mar-18,mort (retrieved ~11:00),30-Mar-18,already off
24326,Jo,AH,05-Mar-18,17:16:13,5,no delay,06-Mar-18,22:16,02-May-18,mort,03-May-18,already off
23879,Jo,AP,05-Mar-18,15:45:45,5,no delay,06-Mar-18,21:59,03-May-18,2:45,03-May-18,already off
22975,Jo,AT,05-Mar-18,15:46:13,5,no delay,06-Mar-18,22:31,03-Apr-18,1:27,03-Apr-18,already off
24981,Jo,HE,07-Mar-18,16:43:55,5,no delay,07-Mar-18,23:08,03-Apr-18,0:52,03-Apr-18,18:17:30
23617,Jo,MP,05-Mar-18,15:47:33,5,no delay,07-Mar-18,0:18,14-May-18,2:25,23-May-18,already off
22813,Jo,BF,07-Mar-18,15:39:25,5,no delay,07-Mar-18,0:19,03-Apr-18,0:20,03-Apr-18,already off
24688,Kloo,NG,21-Mar-18,11:56:19,5,no delay,27-Mar-18,0:50,29-Apr-18,2:02,30-Apr-18,already off
24653,Kloo,HD,21-Mar-18,11:57:10,5,no delay,27-Mar-18,2:02,30-Apr-18,1:33,02-May-18,already off
24335,Kloo,AC,21-Mar-18,11:55:57,5,no delay,27-Mar-18,0:45,29-Apr-18,2:22,30-Apr-18,already off
23717,Kloo,ZA,21-Mar-18,12:16:30,5,no delay,27-Mar-18,1:26,15-May-18,~10:00,27-May-18,already off
22847,Kloo,NH,21-Mar-18,11:53:31,5,no delay,27-Mar-18,1:59,30-Apr-18,2:45,30-Apr-18,already off
22837,Kloo,AK,21-Mar-18,11:53:13,5,no delay,27-Mar-18,1:18,30-Apr-18,2:17,30-Apr-18,already off
22724,Kloo,AZ,21-Mar-18,11:55:36,5,no delay,27-Mar-18,2:39,29-Apr-18,2:51,30-Apr-18,already off
24404,Rolo,MA,31-Mar-18,13:26:01,5,no delay,01-Apr-18,0:41,13-May-18,~10:00,28-May-18,already off
24347,Rolo,AX,31-Mar-18,13:25:26,5,no delay,01-Apr-18,0:56,13-May-18,~10:00,23-May-18,already off
22109,Kloo,HI,31-Mar-18,13:21:26,5,no delay,01-Apr-18,23:57,29-Apr-18,4:02,02-May-18,already off
24553,Kloo,HB,31-Mar-18,13:26:59,5,no delay,02-Apr-18,0:44,30-Apr-18,1:53,02-May-18,already off
24498,Kloo,AF,31-Mar-18,13:26:25,5,no delay,02-Apr-18,0:19,15-May-18,~10:00,27-May-18,already off
24981,Jo,MM,31-Mar-18,13:22:30,5,no delay,03-Apr-18,0:51,03-May-18,2:09,03-May-18,already off
22975,Jo,AM,31-Mar-18,13:22:00,5,no delay,03-Apr-18,1:27,14-May-18,1:54,23-May-18,already off
22813,Jo,AR,31-Mar-18,13:27:18,5,no delay,03-Apr-18,0:20,03-May-18,2:08,03-May-18,already off
25224,ChadBear,AI,20-Nov-18,19:59:25,30,NA,21-Nov-18,~12:15,23-Nov-18,14:45,25-Nov-18,already off
25050,Kloo,MV,20-Nov-18,19:55:28,30,NA,21-Nov-18,11:46,17-Dec-18,22:08,,
24653,Kloo,NB,20-Nov-18,19:55:59,30,NA,21-Nov-18,12:15,17-Dec-18,21:55,,
24498,Kloo,ZA,20-Nov-18,19:59:45,30,NA,21-Nov-18,~12:15,28-Jan-19,9:42,28-Jan-19,already off
24335,Kloo,AF,20-Nov-18,19:57:37,30,NA,21-Nov-18,11:15,15-Dec-18,23:15,16-Dec-18,0:54
23921,Kloo,AO,20-Nov-18,19:58:38,30,NA,21-Nov-18,~10:30,13-Dec-18,12:35,13-Dec-18,12:35
22847,Kloo,MG,20-Nov-18,19:57:21,30,NA,21-Nov-18,12:05,04-Jan-19,22:30,04-Jan-19,already off
22837,Kloo,AR,20-Nov-18,19:54:42,30,NA,21-Nov-18,11:30,17-Dec-18,~22:30,18-Dec-18,0:07
22109,Kloo,HA,20-Nov-18,19:54:48,30,NA,25-Nov-18,22:40,17-Dec-18,22:55,18-Dec-18,0:17
25206,Jo,MA,25-Nov-18,15:08:00,30,NA,27-Nov-18,21:28,06-Dec-18,14:20,06-Dec-18,15:26
25028,Rolo,MT,20-Nov-18,19:58:22,30,NA,27-Nov-18,~21:45,15-Dec-18,22:30,16-Dec-18,0:59
24194,ChadBear,NG,05-Dec-18,15:55:39,30,NA,05-Dec-18,~22:15,15-Jan-19,already off,15-Jan-19,07-Dec-18
25219,Kloo,AH,15-Dec-18,16:42:14,30,NA,15-Dec-18,23:25,03-Feb-19,19:30,03-Feb-19,already off
25038,Rolo,AO,15-Dec-18,16:43:24,30,NA,15-Dec-18,22:25,23-Jan-19,0:56,23-Jan-19,already off
25028,Rolo,AI,15-Dec-18,16:41:53,30,NA,15-Dec-18,22:30,03-Jan-19,16:00,03-Jan-19,17:46:40
24347,Rolo,MA,15-Dec-18,16:43:44,30,NA,15-Dec-18,~22:55,20-Dec-18,15:15,NA,NA
24335,Kloo,HB,15-Dec-18,16:43:10,30,NA,15-Dec-18,23:08,13-Jan-19,22:35,14-Jan-19,0:46
25050,Kloo,AX,17-Dec-18,13:15:20,15,NA,17-Dec-18,22:08,05-Jan-19,14:15,05-Jan-19,15:00
24653,Kloo,MK,17-Dec-18,13:18:34,15,NA,17-Dec-18,21:55,13-Jan-19,22:59,14-Jan-19,0:39
24611,Kloo,AF,17-Dec-18,13:16:25,15,NA,17-Dec-18,22:32,11-Feb-19,0:15,11-Feb-19,already off
22837,Kloo,MT,17-Dec-18,13:17:55,15,NA,17-Dec-18,22:30,13-Jan-19,22:06,14-Jan-19,already off
22109,Kloo,AZ,17-Dec-18,13:17:10,15,NA,17-Dec-18,22:55,24-Jan-19,0:45,24-Jan-19,already off
25049,Jo,NB,18-Dec-18,14:01:29,15,NA,18-Dec-18,~22:20,27-Jan-19,23:21,27-Jan-19, already off
22847,Kloo,AI,04-Jan-19,15:17:00,15,NA,04-Jan-19,22:30,08-Feb-19,0:53,08-Feb-19,already off
24653,Kloo,20,13-Jan-19,17:29:30,15,,13-Jan-19,22:59,07-Feb-19,1:35,07-Feb-19,already off
24335,Kloo,AR,13-Jan-19,17:26:44,15,,13-Jan-19,22:35,11-Feb-19,0:10,11-Feb-19,already off
22837,Kloo,8,13-Jan-19,17:27:34,15,,13-Jan-19,22:06,25-Feb-19,11:32,22-Feb-19,already off
25678,Jo,MT,,,15,,15-Jan-19,22:27,15-Feb-19,0:36,already off,already off
25676,CB,19,NA,NA,15,,15-Jan-19,23:17,20-Jan-19,22:16,20-Jan-19,~23:10
24194,CB,10,NA,NA,15,,15-Jan-19,23:20,28-Jan-19,0:37,28-Jan-19,~01:40
25021,Jo,HA,13-Jan-19,17:25:46,15,,18-Jan-19,22:58,04-Feb-19,11:00,04-Feb-19,15:25
24693,Jo,HB,17-Jan-19,20:00:02,15,,18-Jan-19,23:16,10-Feb-19,1:03,10-Feb-19,by 02:15
25279,Jo,AX,13-Jan-19,17:30:10,15,,19-Jan-19,0:03,18-Feb-19,0:24,18-Feb-19,already off
25253,Kloo/CB,MK,17-Jan-19,20:00:26,15,,19-Jan-19,0:28,05-Feb-19,0:35,05-Feb-19,already off
25166,Rolo,18,18-Jan-19,19:38:46,15,,19-Jan-19,22:38,18-Feb-19,17:00,11-Feb-19,already off
25092,Kloo,MG,19-Jan-19,18:46:02,15,,19-Jan-19,23:05,08-Feb-19,8:40,08-Feb-19,9:55
25677,CB,HI,19-Jan-19,18:49:31,15,,20-Jan-19,22:40,25-Feb-19,by 20:00,21-Jan-19,already off
25676,CB,4,19-Jan-19,19:34:20,15,,20-Jan-19,22:16,08-Feb-19,1:10,08-Feb-19,already off
25029,Kloo,55,19-Jan-19,18:46:51,15,,21-Jan-19,23:21,17-Feb-19,0:58,17-Feb-19,1:32
25695,Jo,19,22-Jan-19,19:03:06,15,,22-Jan-19,23:45,09-Feb-19,0:53,09-Feb-19,1:43
25297,Jo,44,19-Jan-19,18:48:47,15,,22-Jan-19,23:30,10-Feb-19,0:58,10-Feb-19,by 02:15
25258,Jo,NG,19-Jan-19,19:17:38,15,,22-Jan-19,23:55,20-Feb-19,,20-Feb-19,already off
24547,Jo,21,18-Jan-19,19:39:05,15,,22-Jan-19,23:00,10-Feb-19,0:38,10-Feb-19,by 02:15
25038,Rolo,MD,19-Jan-19,18:50:23,15,,23-Jan-19,0:56,24-Feb-19,by 20:00,24-Feb-19,22:15
24523,Kloo,17,18-Jan-19,19:38:27,15,,23-Jan-19,23:51,20-Feb-19,9:45,20-Feb-19,already off
22109,Kloo,AM,23-Jan-19,21:13:17,15,,24-Jan-19,0:42,31-Jan-19,by 13:30,31-Jan-19,14:35
25049,Jo,AZ,27-Jan-19,21:05:45,15,,27-Jan-19,23:21,18-Feb-19,18:00,18-Feb-19,19:46
25026,Sulphur,HD,22-Jan-19,19:02:25,15,,27-Jan-19,0:06,28-Feb-19,23:20,19-Feb-19,already off
24306,Sulphur,AO,23-Jan-19,21:15:34,15,,27-Jan-19,1:00,01-Mar-19,22:33,23-Jan-19,already off
24168,Sulphur,MM,22-Jan-19,19:02:48,15,,27-Jan-19,2:10,28-Feb-19,23:48,26-Feb-19,already off
24143,Sulphur,MP,23-Jan-19,21:14:25,15,,27-Jan-19,0:49,18-Feb-19,,18-Feb-19,19:35
24498,Kloo,ME,23-Jan-19,21:16:34,15,,28-Jan-19,9:42,20-Feb-19,9:30,20-Feb-19,already off
24194,Chad Bear,TD,27-Jan-19,21:03:16,15,,28-Jan-19,0:37,14-Feb-19,15:15,14-Feb-19,by 16:00
25699,Kloo,10,29-Jan-19,20:39:28,15,,30-Jan-19,0:50,25-Feb-19,by 20:00,25-Feb-19,21:21
25682,Rolo,NH,27-Jan-19,21:12:50,15,,30-Jan-19,0:39,20-Feb-19,by 12:00,20-Feb-19,14:42
25686,Rolo,HA,04-Feb-19,22:49:25,15,,05-Feb-19,23:35,18-Feb-19,0:35,18-Feb-19,1:30
25253,Chad Bear,ZA,29-Jan-19,20:40:07,15,,05-Feb-19,0:37,08-Feb-19,0:56,08-Feb-19,1:45
24404,Rolo,AM,04-Feb-19,22:47:14,15,,05-Feb-19,23:48,22-Feb-19,by 19:30,22-Feb-19,22:40
24271,Kloo,AH,04-Feb-19,22:48:33,15,,05-Feb-19,1:34,09-Apr-19,11:00,17-Mar-19,already off
24653,Kloo,AW,06-Feb-19,23:16:56,15,,07-Feb-19,1:38,22-Feb-19,by 19:30,22-Feb-19,22:28
25253,Chad Bear,NB,06-Feb-19,23:15:28,15,,08-Feb-19,0:56,22-Feb-19,by 19:30,22-Feb-19,22:31
25092,Kloo,MK,06-Feb-19,23:32:25,15,,08-Feb-19,8:40,06-Apr-19,10:00,13-Mar-19,already off
22847,Kloo,HG,06-Feb-19,23:13:23,15,,08-Feb-19,0:53,20-Mar-19,0:50,17-Mar-19,already off
25695,Jo,ZA,08-Feb-19,22:06:06,15,,09-Feb-19,0:53,21-Mar-19,by 10:00,21-Mar-19,20:45
25297,Jo,20,08-Feb-19,22:07:05,15,,10-Feb-19,0:58,,,,
24693,Jo,MG,08-Feb-19,22:07:25,15,,10-Feb-19,1:03,21-Feb-19,17:30,21-Feb-19,19:05
24547,Jo,4,08-Feb-19,22:18:40,15,,10-Feb-19,0:38,12-Mar-19,0:07,15-Feb-19,already off
24611,Kloo,21,10-Feb-19,21:27:38,15,,11-Feb-19,0:15,19-Mar-19,18:15,19-Feb-19,already off
24335,Kloo,AI,08-Feb-19,22:07:49,15,,11-Feb-19,0:10,25-Feb-19,by 20:00,25-Feb-19,21:50
25678,Jo,TD,14-Feb-19,19:07:12,15,,15-Feb-19,0:36,24-Feb-19,by 20:00,24-Feb-19,22:00
25246,Jo,AF,13-Feb-19,19:13:25,15,,15-Feb-19,1:22,04-Mar-19,by 13:15,02-Mar-19,already off
25029,Kloo,19,16-Feb-19,20:50:56,15,,17-Feb-19,0:58,10-Mar-19,23:24,10-Mar-19,1:15
25279,Jo,MT,16-Feb-19,20:51:51,15,,18-Feb-19,0:24,23-Feb-19,11:30,23-Feb-19,15:02
24523,Kloo,AZ,19-Feb-19,21:12:45,15,,20-Feb-19,17:00,14-Apr-19,11:30,20-Mar-19,already off
24498,Kloo,AC,15-Feb-19,19:02:50,15,,20-Feb-19,17:15,13-Mar-19,1:05,13-Mar-19,1:52
25689,Rolo,AX,19-Feb-19,21:14:11,15,,21-Feb-19,18:40,24-Feb-19,by 16:30:00,24-Feb-19,21:25
24693,Jo,MP,19-Feb-19,21:13:32,15,,21-Feb-19,18:40,19-Mar-19,16:30,17-Mar-19,already off
25253,Chad Bear,NG,20-Feb-19,17:44:20,15,,22-Feb-19,21:05,15-Mar-19,9:01,already off,already off
24653,Kloo,HB,20-Feb-19,17:43:35,15,,22-Feb-19,20:55,10-Mar-19,23:40,10-Mar-19,1:15
24404,Rolo,NH,20-Feb-19,17:42:15,15,,22-Feb-19,21:10,24-Feb-19,by 16:30:00,24-Feb-19,21:25
25687,Jo,HA,22-Feb-19,17:21:24,15,,24-Feb-19,by 21:30:00,21-Mar-19,by 10:00,21-Mar-19,21:15
25678,Jo,AR,22-Feb-19,17:22:11,15,,24-Feb-19,by 21:30:00,01-Mar-19,12:00,01-Mar-19,14:43
25603,Jo,MG,22-Feb-19,17:23:28,15,,24-Feb-19,by 21:30:00,01-Mar-19,12:30,01-Mar-19,14:52
25038,Rolo,55,21-Feb-19,17:37:42,15,,24-Feb-19,by 21:30:00,15-Mar-19,8:41,15-Mar-19,9:24
25699,Kloo,NB,25-Feb-19,0:05:08,15,,25-Feb-19,by 21:30:00,02-Mar-19,17:00,02-Mar-19,20:19
25677,Chad Bear,17,21-Feb-19,17:37:28,15,,25-Feb-19,by 21:30:00,28-Feb-19,by 13:10,28-Feb-19,14:30
24335,Kloo,AW,25-Feb-19,0:03:38,15,,25-Feb-19,by 21:30:00,06-Apr-19,10:41,06-Apr-19,14:35
22837,Kloo,ME,22-Feb-19,17:22:55,15,,25-Feb-19,12:00,06-Apr-29,by 10:30,27-Mar-19,already off
25236,Sulphur,44,28-Feb-19,20:26:32,15,,28-Feb-19,23:28,02-Apr-19,9:00,22-Mar-19,already off
25026,Sulphur,17,28-Feb-19,20:25:52,15,,28-Feb-19,23:20,02-Apr-19,9:00,25-Mar-19,already off
24168,Sulphur,AM,28-Feb-19,20:25:00,15,,28-Feb-19,23:48,21-Mar-19,by 13:00,21-Mar-19,20:50
30341,Sulphur,10,01-Mar-19,16:14:39,15,,01-Mar-19,22:36,05-Mar-19,13:00,05-Mar-19,21:05
25604,Sulphur,MT,28-Feb-19,20:28:43,15,,01-Mar-19,0:30,02-Apr-19,9:00,02-Apr-19,16:00
25226,Sulphur,HD,01-Mar-19,16:15:09,15,,01-Mar-19,22:47,02-Apr-19,9:00,30-Mar-19,already off
25205,Sulphur,AI,01-Mar-19,16:17:49,15,,01-Mar-19,22:20,02-Apr-19,9:00,02-Apr-19,16:30
24306,Sulphur,MM,01-Mar-19,16:14:00,15,,01-Mar-19,22:33,02-Apr-19,9:00,02-Apr-19,16:05
25697,Agnes,AF,07-Mar-19,19:52:43,15,,07-Mar-19,23:48,21-Mar-19,by 13:30,21-Mar-19,21:00
24599,Agnes,AR,07-Mar-19,16:27:04,15,,07-Mar-19,23:51,09-Apr-19,by 11:00,09-Apr-19,17:25
25277,Agnes,NH,07-Mar-19,16:27:47,15,,08-Mar-19,0:46,09-Apr-19,by 11:00,already off,already off
25086,Agnes,MG,07-Mar-19,16:28:17,15,,08-Mar-19,0:25,09-Apr-19,by 11:00,05-Apr-19,already off
24956,Agnes,AO,07-Mar-19,19:53:36,15,,08-Mar-19,0:10,09-Apr-19,by 11:00,06-Apr-19,already off
24375,Agnes,10,07-Mar-19,16:26:39,15,,08-Mar-19,1:30,09-Apr-19,by 11:00,already off,already off
22113,Agnes,TD,07-Mar-19,16:27:30,15,,08-Mar-19,0:27,20-Mar-19,13:00,20-Mar-19,16:27
25029,Kloo,AX,09-Mar-19,21:05:23,15,,10-Mar-19,23:24,06-Apr-19,9:47,06-Apr-19,15:00
24653,Kloo,NB,09-Mar-19,21:07:50,15,,10-Mar-19,23:40,06-Apr-19,by 10:30,06-Apr-19,15:20
24547,Jo,8,09-Mar-19,21:08:51,15,,12-Mar-19,0:07,05-Apr-19,13:00,05-Apr-19,14:05
24498,Kloo,MD,09-Mar-19,21:06:08,15,,13-Mar-19,1:05,09-Apr-19,11:00,09-Apr-19,16:45
25253,Chad Bear,4,14-Mar-19,19:22:40,15,,15-Mar-19,9:01,31-Mar-19,9:30,31-Mar-19,13:00
25038,Rolo,AC,14-Mar-19,19:23:17,15,,15-Mar-19,8:41,12-Apr-19,9:00,12-Apr-19,9:25
22847,Kloo,HB,18-Mar-19,12:14:25,15,,20-Mar-19,0:50,06-Apr-19,by 10:30,06-Apr-19,15:08
25695,Jo,IH,18-Mar-19,12:15:21,15,,21-Mar-19,9:00,04-Apr-19,13:00,27-Mar-19,already off
25687,Jo,19,18-Mar-19,12:15:57,15,,21-Mar-19,9:06,09-Apr-19,by 14:00,,
25017,Kloo,NF,18-Mar-19,12:16:35,15,,21-Mar-19,10:02,16-Apr-19,15:30,already off,already off
B5648,Kloo,ME,11-Dec-19,12:16:40,NA,12 HRS,11-Dec-19,1:24,22-Jan-20,23:38,GPS off,already off
B5637,Kloo,TD,11-Dec-19,12:17:15,NA,12 HRS,11-Dec-19,2:01,22-Jan-20,22:57,,GPS off - wires to battery broke off during collar break down
B4498,Kloo,AP,11-Dec-19,12:17:55,NA,12 HRS,11-Dec-19,23:55,01-Jan-20,approx 22:50,02-Jan-20,already off
B4271,Kloo,MK,11-Dec-19,12:18:30,NA,12 HRS,11-Dec-19,0:48,01-Jan-20,approx 21:55,02-Jan-20,already off
B4653,Kloo,MM,16-Dec-19,16:51:25,NA,12 HRS,17-Dec-19,2:15,07-Jan-20,21:11,12-Jan-20,16:43:52
B5659,Agnes,10,16-Dec-19,16:52:11,NA,12 HRS,19-Dec-19,23:42,21-Jan-20,23:54,GPS off,GPS already off
B5160,Agnes,18,16-Dec-19,16:53:32,NA,12 HRS,19-Dec-19,23:28,N/A mort (recovered 15 March),N/A,Already off,already off
B4975,Agnes,HB,16-Dec-19,16:50:40,NA,12 HRS,19-Dec-19,22:50,30-Jan-20,22:30,04-Feb-20,12:36:48
B4331,Agnes,AI,19-Dec-19,19:51:19,NA,12 HRS,19-Dec-19,23:23,21-Jan-20,18:47,GPS already off ,GPS already off
B5256,Agnes,ZB,19-Dec-19,19:48:46,NA,12 HRS,20-Dec-19,0:12,20-Jan-20,22:24,GPS already off,GPS already off
B5277,Agnes,4,23-Dec-19,13:03:43,NA,12 HRS,23-Dec-19,21:08,22-Jan-20,approx 00:12,22-Jan-20,13:59:48
B4954,Agnes,ZA,23-Dec-19,13:02:46,NA,12 HRS,23-Dec-19,21:34,28-Jan-20,23:11,GPS already off,GPS already off
B5284,Agnes,44,28-Dec-19,18:03:56,NA,12 HRS,28-Dec-19,22:15,20-Jan-20,22:56,GPS off - wires to battery broke off during collar break down,GPS off - wires to battery broke off during collar break down
B5025,Agnes,17,28-Dec-19,18:10:37,NA,12 HRS,28-Dec-19,21:51,22-Jan,,22-Jan-20,13:26
B5117,Kloo,8,01-Jan-20,18:14:30,NA,12 HRS,01-Jan-20,23:35,22-Jan-20,23:35,22-Jan-20,12:56:40
B4498,Kloo,AW,01-Jan-20,18:32:47,NA,12 HRS,01-Jan-20,22:57,22-Jan-20,22:45,23-Jan-20,
B4271,Kloo,HA,01-Jan-20,18:06:43,NA,12 HRS,01-Jan-20,approx 21:55,22-Jan-20,23:27,GPS already off,N/A
B5281,Agnes,10,28-Jan-20,13:58:38,NA,N/A,28-Jan-20,approx 23:30,N/A (old mort recovered 15 March),N/A (old mort recovered 15 March),Already off,Already off
B4954,Agnes,4,28-Jan-20,14:04:23,NA,N/A,28-Jan-20,23:21,,,,
B6324,Kloo,ME,29-Jan-20,21:13:51,NA,N/A,29-Jan-20,23:30,N/A (old mort recovered ),N/A (old mort recovered ),Already off,Already off
B5659,Agnes,AW,29-Jan-20,21:08:00,NA,N/A,30-Jan-20,22:55,18-Feb,0:20,18-Feb-20,16:21:46
B5618,Agnes,AI,29-Jan-20,21:18:02,NA,N/A,30-Jan-20,22:58,17-Feb,23:34,18-Feb-20,16:05:22
B5277,Agnes,44,29-Jan-20,21:03:02,NA,N/A,30-Jan-20,23:22,05-Feb-20 (Mort),5 Feb (mort),06-Feb-20,11:26:42
B4975,Agnes,8,28-Jan-20,20:53:43,NA,N/A,30-Jan-20,22:39,18-Feb-20,1:41,18-Feb-20,16:54:57
B4412,Agnes,TD,29-Jan-20,21:24:38,NA,N/A,30-Jan-20,23:30,18-Feb-20,0:09,18-Feb-20,16:14:39
B5615,Chitty,44,13-Feb-20,13:53:19,NA,N/A,13-Feb-20,23:28,23-Mar-20 (mort - old),N/A   ,26-Mar-20,18:30:15 (already off?)
B5607,Chitty,ZA,13-Feb-20,20:25:01,NA,N/A,14-Feb-20,0:03,22-Apr-20 recovered (mort old?),N/A,Already off,N/A already off 
B5674,Kloo,AW,28-Feb-20,20:17:07,NA,N/A,29-Feb-20,0:18,"N/A (recovered 14-Mar-20, old mort)",N/A,N/A,N/A
B4412,Agnes,8,28-Feb-20,20:18:50,NA,N/A,03-Mar-20,5:22,26-Mar-20,4:07,26-Mar-20,18:38:58 (already off?)
26314,Kloo,LC,23-Jan-21,14:40:51,NA,N/A,25-Jan-21,10:17:19,21-Feb-21,5:17,21-Feb-21,already off
26316,Sulphur,ZA,06-Feb-21,20:20:22,NA,N/A,07-Feb-21,0:16,18-Apr-21,8:54,18-Apr-21?  (see notes),21:26:25
25226,Sulphur,AW,06-Feb-21,20:21:04,NA,N/A,07-Feb-21,4:42,02-Mar-21,3:34,02-Mar-21,14:33:43
26342,Sulphur,MM,07-Feb-21,23:18:42,NA,N/A,08-Feb-21,0:59,18-Apr-21,7:48,18-Apr-21?  (see notes),20:58:17
26343,Kloo,LT,12-Feb-21,23:46:42,NA,N/A,14-Feb-21,1:19,25-Mar-21,9:32,Already off,Already off
26314,Kloo,LM,17-Feb-21,22:24:00,NA,N/A,21-Feb-21,5:31,,,,
26344,Jo,LR,21-Feb-21,22:33:09,NA,N/A,24-Feb-21,19:54,07-Apr-21,6:12,Already off (2021-04-13),Already off (21:42:22)
26370,Jo,LC,27-Feb-21,18:56:07,NA,N/A,27-Feb-21,21:23,07-Apr-21,5:40,Already off,Already off
26367,Sulphur,LV,01-Mar-21,22:30:31,NA,N/A,02-Mar-21,3:04,See notes,N/A,N/A,N/A
25226,Sulphur,HB ,01-Mar-21,22:26:33,NA,N/A,02-Mar-21,3:47,See notes,See notes,30-Mar-21,See notes
B5287,Kloo,AP,07-Jan-20,14:44:38,NA,12 HRS,07-Jan,20:53,March 14 (mort),N/A,Already off,already off
B6624,Kloo,SD,09-Feb-22,5:12:45,NA,20,09-Feb-22,7:25,,,,
B6381,Kloo,SE,09-Feb-22,5:09:30,NA,20,09-Feb-22,unknown,10-Mar-22,7:30,10-Mar-22,Already off
B6372,Kloo,SB,09-Feb-22,5:11:00,NA,20,09-Feb-22,unknown,10-Mar-22,7:10,10-Mar-22,09:06:52??
B6350,Kloo,LO,11-Feb-22,5:48:50,NA,20,11-Feb-22,8:16,23-Mar-22,unknown - mort,23-Mar-22,16:03:00
B6382,Kloo,LE,15-Feb-22,5:48:15,NA,20,15-Feb-22,6:57,,,,
B5618,Agnes,HA,17-Feb-20,13:06:40,NA,N/A,17-Feb,23:49,26-Mar-20,3:24,26-Mar-20,Already off
B6622,Sulphur,SC,18-Feb-22,5:51:35,NA,20,18-Feb-22,6:50,16-Mar-22,7:59,16-Mar-22,Already off
B6621,Sulphur,SA,18-Feb-22,5:51:44,NA,20,18-Feb-22,7:26:00,16-Mar-22,7:25,16-Mar-22,9:57:30
B5659,Agnes,17,17-Feb-20,13:14:49,NA,N/A,18-Feb,0:31,N/A Recovered April 10 (Mort),N/A Recovered April 10 (Mort),Already off ,Already off
B5260,Agnes,MM,17-Feb-20,13:12:55,NA,N/A,18-Feb,1:05,17-May-20,approx 11:00,18-May-20,approx. 15:18
B5126,Agnes,55,17-Feb-20,13:08:48,NA,N/A,18-Feb,0:27,N/A fell off bunny,N/A fell off bunny,Already off,Already off
B4975,Agnes,HB,17-Feb-20,13:03:59,NA,N/A,18-Feb,1:55,17-May-20,approx 10:00,18-May-20 (already off?),approx 19:00 (already off?)
B6620,Sulphur,DH,19-Feb-22,5:48:36,NA,20,19-Feb-22,7:02,16-Mar-22,8:42,16-Mar-22,9:58:15
B6342,Sulphur,44,19-Feb-22,5:48:55,NA,20,19-Feb-22,7:06,16-Mar-22,7:36,16-Mar-22,Already off
B6383,Sulphur,LX,23-Feb-22,5:46:18,NA,20,23-Feb-22,6:52,24-Mar-22,7:32,24-Mar-22,Already off
B6372,Kloo,LN,15-Mar-22,6:36:10,NA,20,15-Mar-22,7:55,21-Mar-22,7:50,21-Mar-22,Already off
B6349,Kloo,LY,15-Mar-22,6:38:20,NA,20,15-Mar-22,8:14,24-Mar-22,8:15,24-Mar-22,Already off
B6342,Sulphur,AM,16-Mar-22,6:40:00,NA,20,16-Mar-22,7:42,02-Apr-22,7:34,02-Apr-22,9:47:15
B6622,Sulphur,MM,20-Mar-22,6:39:50,NA,20,20-Mar-22,8:14,02-Apr-22,8:21,02-Apr-22,Already off
B6621,Sulphur,SC,20-Mar-22,6:41:15,NA,20,20-Mar-22,8:25,02-Apr-22,8:40,02-Apr-22,Already off
B6620,Sulphur,DH,20-Mar-22,6:40:55,NA,20,20-Mar-22,8:13,02-Apr-22,8:37,02-Apr-22,Already off
B6348 - One of Hannah's bunnies - mort signal during telem,JO,LG,17-Jun-22,8:34:40,NA,Unknown,17-Jun-22,9:00,Mort,Mort,Already off,Already off
22890,Jo,MP,24-May-17,15:48:06,30,no delay,need,,16-Aug-17,~07:05,16-Aug-17,already off
22724,Kloo,AY,23-May-17,14:33:27,30,No Delay,need,,20-Jul-17,,20-Jul-17,already off
B2822,KLOO,BA,17-Feb-16,20:51:30,30,12 HRS,,,,,,
